expected_club,expected_club_database_id,expected_club_save_index,display_name,person_database_id,person_database_id_offset,club_field_offset,club_save_index_value,resolved_club_database_id,resolved_club_name,is_identity_occurrence,classification,context_hex
"SC Corinthians Paulista",319,48,"Alessandro",3902245,0x0058470A,0x005846F9,1627419136,,"",True,TABELA_DE_IDENTIDADE,1000000041006E006400720061006400650020004F006C0069007600650069007200610000000100BD0000003F0E0100258B3B00001000000043006100720064006F0073006F0020006400650020004A0065007300FA00730000000100BD000000400E0100F1863B000012000000460065007200
"SC Corinthians Paulista",319,48,"Alessandro",3902245,0x008FB9FA,0x008FB9E9,189,932,"Kickers Offenbach",False,PLAYER_RECORD_OUTRO_CLUBE,00000001610D003A00000001610D002C000000016112003000000002610100BD0000000000000000D307000057170000258B3B000130113011B60361006D0003000000AE040000B2C2000041020100062800009B009B0700BD000000FFFFFFFF00000000FFFFFFFF0000006C07FFFFFFFF100400
"SC Corinthians Paulista",319,48,"Bruno Octávio",8832887,0x002FF56B,0x002FF55A,1862297856,,"",True,TABELA_DE_IDENTIDADE,0075C78600000D0000004200720075006E006F0020004F0063007400E100760069006F0000000100BD00000063C8000077C78600000B00000047006500720073006F006E0020004A006F007300E90000000100BD00000064C800007BC786000010000000570069006C006C00690061006D002000
"SC Corinthians Paulista",319,48,"Bruno Octávio",8832887,0x0058F06D,0x0058F05C,1761635328,,"",False,CLUB_INDEX_INVALIDO,00BD000000B91101002BBC860000090000004A006F00760061006E0065006C006C00690000000100BD000000BA11010077C78600000A000000430061007200700069006E0065006C006C00650000000100BD000000BB11010072C78600000C0000004F007300F300720069006F00200052006F00
"SC Corinthians Paulista",319,48,"Bruno Octávio",8832887,0x0062C2B8,0x0062C2A7,1862297856,,"",False,CLUB_INDEX_INVALIDO,0075C78600000D0000004200720075006E006F0020004F0063007400E100760069006F0000000100BD000000DF2B000077C78600000C00000047006500720073006F006E00200053006F0064007200E90000000100BD000000E02B00007BC7860000040000004B0061006800EA0000000100BD00
"SC Corinthians Paulista",319,48,"Bruno Octávio",8832887,0x009530F3,0x009530E2,0,,"",False,CLUB_INDEX_INVALIDO,30000000FA000000B600D607030400000000000000000000D4072E020AFF00000000000000000000D4070000391C000077C786000124132413920978009A0000000000A20500000DBF0000B3110100FFFFFFFF09009D0700BD000000FFFFFFFF00000000FFFFFFFF0000006C07C60200000C0000
"SC Corinthians Paulista",319,48,"Dinélson",320774,0x002FEA93,0x002FEA82,1845522176,,"",True,TABELA_DE_IDENTIDADE,000100BD00000024C8000001E504000008000000440069006E00E9006C0073006F006E0000000100BD00000025C8000006E504000009000000450072006D006F006700E9006E006500730000000100BD00000026C8000007E50400000D0000004A006F00E3006F0020004C0069006E0064006F00
"SC Corinthians Paulista",319,48,"Dinélson",320774,0x0062110F,0x006210FE,1845522176,,"",False,CLUB_INDEX_INVALIDO,000100BD0000009B270000FBE404000008000000440069006E00E9006C0073006F006E0000000100BD0000009C27000006E5040000040000004D006F006700690000000100BD0000009D27000007E50400000A0000004C00E9006F00200047007500650072007200610000000100BD0000009E27
"SC Corinthians Paulista",319,48,"Dinélson",320774,0x0088511C,0x0088510B,54,325,"Guarani FC",False,PLAYER_RECORD_OUTRO_CLUBE,00000000000400D407320200FF000000000102010355003600000001612400360000000000000400D40700001811000006E5040002F401F401320037009900160D0000FFFFFFFF283200000A007C15C8001027000000000000000000000000472500000000000000000000000000000000000000
"SC Corinthians Paulista",319,48,"Édson Araújo",308345,0x002F317E,0x002F316D,1862298112,,"",True,TABELA_DE_IDENTIDADE,C300006FB40400000C000000C900640073006F006E002000410072006100FA006A006F0000000100BD00000000C4000079B404000007000000560061006C006B006D006100720000000100BD00000001C40000ADB40400000B000000440061006E00690065006C0020004C00750069007A000000
"SC Corinthians Paulista",319,48,"Édson Araújo",308345,0x0061E4E5,0x0061E4D4,1862298112,,"",False,CLUB_INDEX_INVALIDO,2600007BB40400000C000000C900640073006F006E002000410072006100FA006A006F0000000100BD0000008626000079B404000008000000520061006E00690065006C006C00690000000100BD000000872600006FB40400000F00000043007200690073007400690061006E006F0020004E00
"SC Corinthians Paulista",319,48,"Édson Araújo",308345,0x007DC3AA,0x007DC399,62,333,"A Portuguesa D",False,PLAYER_RECORD_OUTRO_CLUBE,01D407040400000000000000000B01D30764FF00FF000000000101016117003E0000000000000400D40700007907000079B4040002480D480D64005C008B00A2050000FFFFFFFFE3D800000A000C1700001027040000000000000000000000682000000000000000000000000000000000000000
"SC Corinthians Paulista",319,48,"Fábio Baiano",3300471,0x0061A3CC,0x0061A3BB,1862299136,,"",True,TABELA_DE_IDENTIDADE,24000086E36A00000C0000004600E100620069006F00200042006100690061006E006F0000000200BD000000E9240000775C32000007000000520061006E00690065007200790000000200BD000000EA2400000BE00400000C000000520061006600610065006C002000530069006C0076006100
"SC Corinthians Paulista",319,48,"Fábio Baiano",3300471,0x008D1153,0x008D1142,51,322,"CR Flamengo",False,PLAYER_RECORD_OUTRO_CLUBE,0727020AFF0000000001030103550033000000016104003500000001613900330000000000000400D4070000FE140000775C320002EC13EC13520371008D0060100000FFFFFFFFD96709000A000019000010270000000000000000004100007EFB0B000000000000000000000000000000000000
"SC Corinthians Paulista",319,48,"Fábio Costa",6900151,0x00615A15,0x00615A04,1627419648,,"",True,TABELA_DE_IDENTIDADE,00DF22000056AB0400000B0000004600E100620069006F00200043006F0073007400610000000400BD000000E0220000B7496900000600000046006100ED0073006300610000000400BD000000E122000098CB5100000600000058006100760069006500720000000400BD000000E2220000C749
"SC Corinthians Paulista",319,48,"Fábio Costa",6900151,0x00922F20,0x00922F0F,64,335,"Santos FC",False,PLAYER_RECORD_OUTRO_CLUBE,00000000000000D407360232FF00000000010203025000CC02000001614F00400000000000000000D407000065190000B74969000270177017420F7D009E00EB130000FFFFFFFFE98717000A9C70170000102700FF1F000000010000460000433C37000000000000000000000000000000000000
"SC Corinthians Paulista",319,48,"Luciano Ratinho",6900008,0x0057F08C,0x0057F07B,1811965184,,"",True,TABELA_DE_IDENTIDADE,100000004600650072007200650069007200610020004700610062007200690065006C0000000100BD0000006F0C01002849690000070000004200720075006E006F0072006F0000000100BD000000700C01002949690000110000006400610073002000560069007200670065006E0073002000
"SC Corinthians Paulista",319,48,"Luciano Ratinho",6900008,0x0061C56A,0x0061C559,1862297600,,"",False,CLUB_INDEX_INVALIDO,00000F0000004C0075006300690061006E006F00200052006100740069006E0068006F0000000100BD000000C325000028496900000C000000C900640073006F006E00200042006100730074006F00730000000100BD000000C425000046C004000008000000430061006C006400650069007200
"SC Corinthians Paulista",319,48,"Luciano Ratinho",6900008,0x0091C030,0x0091C01F,53,324,"Grêmio FBPA",False,PLAYER_RECORD_OUTRO_CLUBE,0764FF00FF0000000001030161270030000000016113003800000001612C0035000000000000C900D10700000A1900002849690001C21AC21AE6149C00A40000000000ED040000C8BE0000700C0100FFFFFFFF1B00B10700BD000000FFFFFFFF00000000FFFFFFFF0000006C079A000000080000
"SC Corinthians Paulista",319,48,"Marcelo Magalhães",302580,0x0058866C,0x0058865B,1929405696,,"",True,TABELA_DE_IDENTIDADE,1000000047006100720063006900610020004D006100670061006C006800E3006500730000000100BD0000008B0F0100F49D040000110000005200690062006500690072006F00200047006F006E00E70061006C0076006500730000000100BD0000008C0F01005E5F3200000600000059006100
"SC Corinthians Paulista",319,48,"Marcelo Magalhães",302580,0x00626C98,0x00626C87,1929405696,,"",False,CLUB_INDEX_INVALIDO,00004D0061007200630065006C006F0020004D006100670061006C006800E3006500730000000100BD000000CD290000F49D0400000A0000004C00750069007A0020004D00E100720069006F0000000100BD000000CE290000F39D0400000F00000041006400ED006C0073006F006E0020004200
"SC Corinthians Paulista",319,48,"Marcelo Magalhães",302580,0x007978ED,0x007978DC,53,324,"Grêmio FBPA",False,PLAYER_RECORD_OUTRO_CLUBE,000104016116003000000001610F0044000000016101003800000001611B0035000000000000B500D20700003C030000F49D0400027C157C15480584009F00BD020000FFFFFFFFFA290F000A009C1D000010270000000000000000004A0000340032000000000000000000000000000000000000
"SC Corinthians Paulista",319,48,"Rosinei",316596,0x002FB1D1,0x002FB1C0,1761633536,,"",True,TABELA_DE_IDENTIDADE,0000000100BD000000E0C60000AAD40400000700000052006F00730069006E006500690000000100BD000000E1C60000B4D40400000E000000540068006900610067006F00200041006E007400F4006E0069006F0000000100BD000000E2C60000B6D404000012000000560069006E00ED006300
"SC Corinthians Paulista",319,48,"Rosinei",316596,0x00571057,0x00571046,1862297088,,"",False,CLUB_INDEX_INVALIDO,006F0000000100BD000000DB070100B6D404000006000000410064006F006C0066006F0000000100BD000000DC070100B4D40400000D00000053006100720074006F0072006900200043006F0073007400610000000100BD000000DD070100B2D4040000120000004D0069006F006E0061002000
"SC Corinthians Paulista",319,48,"Rosinei",316596,0x0062B35D,0x0062B34C,1761633536,,"",False,CLUB_INDEX_INVALIDO,0000000100BD0000007B2B000030B98600000700000052006F00730069006E006500690000000100BD0000007C2B0000B4D40400000B000000440061006E00690065006C002000560069006500720000000100BD0000007D2B0000A1BB8600000A0000004200720075006E006F00200048006500
"SC Corinthians Paulista",319,48,"Rosinei",316596,0x0083F494,0x0083F483,0,,"",False,CLUB_INDEX_INVALIDO,300000004B0000006C00D607030400000000000000000000D40736024BFF00000000000000000000D4070000280D0000B4D404000296009600320043008100E7090000FFFFFFFF401F00000A00E01500001027000000000000000000000000251600000000000000000000000000000000000000
"CR Flamengo",322,51,"André Bahia",311169,0x00578E2D,0x00578E1C,1627418112,,"",True,TABELA_DE_IDENTIDADE,420061006800690061002000530061006E0074006F00730020005600690061006E00610000000100BD000000640A010081BF040000050000004B0061006C0069006C0000000100BD000000650A010080BF0400000F00000053006F00610072006500730020004F006C0069007600650069007200
"CR Flamengo",322,51,"André Bahia",311169,0x0061A834,0x0061A823,1627416832,,"",False,CLUB_INDEX_INVALIDO,0006250000EFDC0400000B00000041006E0064007200E90020004200610068006900610000000200BD0000000725000081BF0400000B0000004A006F00E3006F002000530061006E0074006F00730000000200BD00000008250000E0DC040000060000004E0069006C006D006100720000000200
"CR Flamengo",322,51,"André Bahia",311169,0x007F3D62,0x007F3D51,51,322,"CR Flamengo",False,PLAYER_RECORD_CONFIRMADO,00D507030400000000000000000000D1072D024BFF00000000010101614400330000000000000000D1070000E408000081BF040001901A901A480D88008800000000000E020000ABBE0000630A0100FFFFFFFF8F00B00700BD000000FFFFFFFF00000000FFFFFFFF0000006C078F000000020000
"CR Flamengo",322,51,"Andrezinho",302728,0x002F5A21,0x002F5A10,2046847232,,"",True,TABELA_DE_IDENTIDADE,000000E6C40000E55E3200000A00000041006E0064007200650020004C00750069007A0000000100BD000000E7C40000889E04000006000000560061006C006E006500690000000100BD000000E8C40000F15E32000010000000440065006E00ED006C0073006F006E00200041006E007400F400
"CR Flamengo",322,51,"Andrezinho",302728,0x00799468,0x00799457,51,322,"CR Flamengo",False,PLAYER_RECORD_CONFIRMADO,01D507030400000000000000000400D4072D020AFF00000000010101613200330000000000000400D407000054030000889E040002D606D606320054007600D0020000FFFFFFFF811000000A00A81600001027000000000000000000000000884300000000000000000000000000000000000000
"CR Flamengo",322,51,"Bruno Santos",8832815,0x0062BF73,0x0062BF62,1929408256,,"",True,TABELA_DE_IDENTIDADE,2B000029C78600000C0000004200720075006E006F002000530061006E0074006F00730000000100BD000000CA2B00002FC786000009000000430061006D0061007A007A006F006C00610000000100BD000000CB2B000045D50400000C000000460072006500640020004D0061006E006800E300
"CR Flamengo",322,51,"Bruno Santos",8832815,0x0094E44B,0x0094E43A,51,322,"CR Flamengo",False,PLAYER_RECORD_CONFIRMADO,00D50705060000000000000000F300D2072B0200FF0000000001010161180033000000000000F300D2070000F71B00002FC78600021A041A0434002A009C00C5150000FFFFFFFF290C00000A00501990011027000000000000000000410000F10A00000000000000000000000000000000000000
"CR Flamengo",322,51,"Dimba",303048,0x002F4682,0x002F4671,1862297856,,"",True,TABELA_DE_IDENTIDADE,000100BD00000075C4000008A0040000080000004500640069007400E100630069006F0000000100BD00000076C40000C89F0400000E0000004D0061007200630065006C006F002000540069006E00F40063006F0000000100BD00000077C40000275B3200000F0000004600720061006E006300
"CR Flamengo",322,51,"Dimba",303048,0x00569592,0x00569581,1694524416,,"",False,CLUB_INDEX_INVALIDO,0000560069006500690072006100200064006500200041006E006400720061006400650000000200BD00000045050100C89F04000006000000470072006500630063006F0000000200BD000000460501008EA986000010000000640061002000530069006C0076006100200046006F006E007300
"CR Flamengo",322,51,"Dimba",303048,0x00626A0B,0x006269FA,1627415040,,"",False,CLUB_INDEX_INVALIDO,0072006F0000000100BD000000BD29000054A004000005000000440069006D006200610000000100BD000000BE290000C89F0400000D0000004D006100720063006F00730020004A00610074006F006200E10000000100BD000000BF2900006C9F04000012000000420065006200650074006F00
"CR Flamengo",322,51,"Dimba",303048,0x0079B8A7,0x0079B896,78,400,"O'Higgins de Rancagua",False,PLAYER_RECORD_OUTRO_CLUBE,000104016118007502000001613D00F201000001611B002702000002621B004E0000000000000400D407000077030000C89F0400028813881352036C007C00E9020000FFFFFFFF2C0B00000A00701700001027000000000000000000000000EE0200000000000000000000000000000000000000
"CR Flamengo",322,51,"Douglas Silva",3300410,0x00623322,0x00623311,1627420160,,"",True,TABELA_DE_IDENTIDADE,00395C3200000D00000044006F00750067006C00610073002000530069006C007600610000000100BD0000006D2800003A5C3200000C0000004A006F00E3006F00200052006F0064007200690067006F0000000100BD0000006E2800003D5C3200000E00000052006F0064006F006C0066006F00
"CR Flamengo",322,51,"Douglas Silva",3300410,0x008CFFC2,0x008CFFB1,51,322,"CR Flamengo",False,PLAYER_RECORD_CONFIRMADO,00010401034B0030000000010350000C020000016124003802000001610200330000000000003901D3070000EF1400003A5C320001B90BB90BDC057A007A00030000003A04000032BF0000DD110100FFFFFFFFAE00A30700BD000000FFFFFFFF00000000FFFFFFFF0000006C07E8020000020000
"CR Flamengo",322,51,"Fabiano Eller",3300219,0x0057ACDA,0x0057ACC9,1929408256,,"",True,TABELA_DE_IDENTIDADE,1000000045006C006C0065007200200064006F0073002000530061006E0074006F00730000000100BD000000090B01007B5B3200001000000053006F006100720065007300200064006500200042006100720072006F00730000000100BD0000000A0B0100795B3200000F000000530069006C00
"CR Flamengo",322,51,"Fabiano Eller",3300219,0x00622E94,0x00622E83,1912628480,,"",False,CLUB_INDEX_INVALIDO,00785B3200000D000000460061006200690061006E006F00200045006C006C006500720000000100BD000000512800007B5B320000040000004E0061007300610000000100BD000000522800007F5B3200000C0000004D006100750072006F002000470061006C007600E3006F0000000100BD00
"CR Flamengo",322,51,"Fabiano Eller",3300219,0x008CB64B,0x008CB63A,51,322,"CR Flamengo",False,PLAYER_RECORD_CONFIRMADO,072F020AFF0000000001030161090044000000016109003A00000001612800330000000000000000D3070000AC1400007B5B320002201CF41AC4099100AA0020100000FFFFFFFF441B10000A1910270000102700FF1F0000000000004A000079F827000000000000000000000000000000000000
"CR Flamengo",322,51,"Júlio César Moraes",8825041,0x00584C77,0x00584C66,1912631040,,"",True,TABELA_DE_IDENTIDADE,6F0020006400650020004D006F00720061006500730020004A00FA006E0069006F00720000000100BD0000005C0E0100D1A88600001000000042006100720062006F0073006100200043006F007500740069006E0068006F0000000100BD0000005D0E0100D3A88600000E00000053006F007500
"CR Flamengo",322,51,"Júlio César Moraes",8825041,0x0062A289,0x0062A278,1929405696,,"",False,CLUB_INDEX_INVALIDO,4A00FA006C0069006F0020004300E90073006100720020004D006F00720061006500730000000100BD000000122B0000D1A88600000E000000440061006E0069006C006F0020005000610067006F0074007400690000000100BD000000132B0000D8D30400000C0000005000610075006C006F00
"CR Flamengo",322,51,"Júlio César Moraes",8825041,0x009308E9,0x009308D8,51,322,"CR Flamengo",False,PLAYER_RECORD_CONFIRMADO,00000000000000D10720020AFF000000000102016112003602000001610200330000000000000000D10700003E1A0000D1A88600029D0E9D0E32005900780073140000FFFFFFFFB87C00000A00A81600001027000000000000000000000000611400000000000000000000000000000000000000
"CR Flamengo",322,51,"Júnior Baiano",6900111,0x0058208C,0x0058207B,1912631040,,"",True,TABELA_DE_IDENTIDADE,720065006900720061002000520061006D006F00730020004A00FA006E0069006F00720000000100BD000000730D01008F49690000060000004700610072006F007400650000000100BD000000740D010073A40400000F0000004300720075007A006500690072006F0020004C00610064006100
"CR Flamengo",322,51,"Júnior Baiano",6900111,0x0061BF85,0x0061BF74,1862299136,,"",False,CLUB_INDEX_INVALIDO,0094496900000D0000004A00FA006E0069006F007200200042006100690061006E006F0000000100BD0000009E2500008F4969000004000000540075007400690000000100BD0000009F250000FFDA040000060000005000690063006F006C00690000000100BD000000A02500008C4969000006
"CR Flamengo",322,51,"Júnior Baiano",6900111,0x00920E5F,0x00920E4E,189,932,"Kickers Offenbach",False,PLAYER_RECORD_OUTRO_CLUBE,00000002620200370000000161030037000000016101000803000002611B00BD0000000000000400D40700004B1900008F496900026A186A180A0F7E008C00D3130000FFFFFFFFC43F0D000A00701700001027000000000000000000470000D06119000000000000000000000000000000000000
"CR Flamengo",322,51,"Reginaldo Araújo",3300780,0x002F51E8,0x002F51D7,1862296576,,"",True,TABELA_DE_IDENTIDADE,000041006E007400F4006E0069006F00200052006500670069006E0061006C0064006F0000000100BD000000B6C40000AC5D3200000D0000004A006F0072006700650020004D0061007200630065006C006F0000000100BD000000B7C40000AD5D3200000D0000004A0065007300FA0073002000
"CR Flamengo",322,51,"Reginaldo Araújo",3300780,0x00591479,0x00591468,1862298112,,"",False,CLUB_INDEX_INVALIDO,100000004D00610074006900610073002000640065002000410072006100FA006A006F0000000100BD00000078120100AC5D3200001300000043006100720072006F00630069006500720069002000640061002000530069006C007600610000000100BD00000079120100799C8000000D000000
"CR Flamengo",322,51,"Reginaldo Araújo",3300780,0x00623BFC,0x00623BEB,1862298112,,"",False,CLUB_INDEX_INVALIDO,1000000052006500670069006E0061006C0064006F002000410072006100FA006A006F0000000100BD000000A3280000AC5D320000070000004D0061006E00740065006E00610000000100BD000000A4280000B85D320000050000004900620073006F006E0000000100BD000000A5280000E7CE
"CR Flamengo",322,51,"Reginaldo Araújo",3300780,0x008D7A88,0x008D7A77,51,322,"CR Flamengo",False,PLAYER_RECORD_CONFIRMADO,000104016131000D02000001610D0042000000016139004000000001613600330000000000000000D107000064150000AC5D320002C819C819DA0574009400A8100000FFFFFFFFA7EE06000A00381C0000CE26000000000000000000490000A3230B000000000000000000000000000000000000
