reference_kind,data_type,relative_offset,flamengo_players,corinthians_players,distinct_players,total_hits,flamengo_names,corinthians_names,assessment
INTERNAL_PERSON_ID,UINT16,110,1,4,5,5,"Andrezinho","Bruno Octávio | Dinélson | Édson Araújo | Rosinei",CURRENT_CLUB_CANDIDATE_WEAK
INTERNAL_PERSON_ID,UINT32,110,1,4,5,5,"Andrezinho","Bruno Octávio | Dinélson | Édson Araújo | Rosinei",CURRENT_CLUB_CANDIDATE_WEAK
PERSON_DATABASE_ID,UINT16,-65,1,2,3,3,"Júlio César Moraes","Dinélson | Fábio Costa",AUXILIARY_REFERENCE
PERSON_DATABASE_ID,UINT32,-65,1,2,3,3,"Júlio César Moraes","Dinélson | Fábio Costa",AUXILIARY_REFERENCE
INTERNAL_PERSON_ID,UINT16,101,2,1,3,3,"Fabiano Eller | Júnior Baiano","Marcelo Magalhães",AUXILIARY_REFERENCE
INTERNAL_PERSON_ID,UINT32,101,2,1,3,3,"Fabiano Eller | Júnior Baiano","Marcelo Magalhães",AUXILIARY_REFERENCE
INTERNAL_PERSON_ID,UINT16,106,2,1,3,3,"André Bahia | Júlio César Moraes","Luciano Ratinho",AUXILIARY_REFERENCE
INTERNAL_PERSON_ID,UINT32,106,2,1,3,3,"André Bahia | Júlio César Moraes","Luciano Ratinho",AUXILIARY_REFERENCE
PERSON_DATABASE_ID,UINT16,252,1,2,3,3,"Bruno Santos","Dinélson | Rosinei",AUXILIARY_REFERENCE
PERSON_DATABASE_ID,UINT32,252,1,2,3,3,"Bruno Santos","Dinélson | Rosinei",AUXILIARY_REFERENCE
PERSON_DATABASE_ID,UINT16,292,1,2,3,3,"Bruno Santos","Dinélson | Rosinei",AUXILIARY_REFERENCE
PERSON_DATABASE_ID,UINT32,292,1,2,3,3,"Bruno Santos","Dinélson | Rosinei",AUXILIARY_REFERENCE
PERSON_DATABASE_ID,UINT16,-73,1,1,2,2,"Fabiano Eller","Fábio Baiano",AUXILIARY_REFERENCE
PERSON_DATABASE_ID,UINT32,-73,1,1,2,2,"Fabiano Eller","Fábio Baiano",AUXILIARY_REFERENCE
PERSON_DATABASE_ID,UINT16,-57,3,0,3,3,"André Bahia | Andrezinho | Bruno Santos","",AUXILIARY_REFERENCE
PERSON_DATABASE_ID,UINT32,-57,3,0,3,3,"André Bahia | Andrezinho | Bruno Santos","",AUXILIARY_REFERENCE
PERSON_DATABASE_ID,UINT16,-81,3,0,3,3,"Dimba | Douglas Silva | Reginaldo Araújo","",AUXILIARY_REFERENCE
PERSON_DATABASE_ID,UINT32,-81,3,0,3,3,"Dimba | Douglas Silva | Reginaldo Araújo","",AUXILIARY_REFERENCE
PERSON_DATABASE_ID,UINT16,-48,0,2,2,2,"","Bruno Octávio | Rosinei",AUXILIARY_REFERENCE
PERSON_DATABASE_ID,UINT32,-48,0,2,2,2,"","Bruno Octávio | Rosinei",AUXILIARY_REFERENCE
INTERNAL_PERSON_ID,UINT16,97,0,2,2,2,"","Fábio Baiano | Fábio Costa",AUXILIARY_REFERENCE
INTERNAL_PERSON_ID,UINT32,97,0,2,2,2,"","Fábio Baiano | Fábio Costa",AUXILIARY_REFERENCE
PERSON_DATABASE_ID,UINT16,179,2,0,2,2,"Andrezinho | Reginaldo Araújo","",AUXILIARY_REFERENCE
PERSON_DATABASE_ID,UINT32,179,2,0,2,2,"Andrezinho | Reginaldo Araújo","",AUXILIARY_REFERENCE
INTERNAL_PERSON_ID,UINT16,192,0,2,2,2,"","Édson Araújo | Luciano Ratinho",AUXILIARY_REFERENCE
INTERNAL_PERSON_ID,UINT32,192,0,2,2,2,"","Édson Araújo | Luciano Ratinho",AUXILIARY_REFERENCE
PERSON_DATABASE_ID,UINT16,303,2,0,2,2,"Andrezinho | Reginaldo Araújo","",AUXILIARY_REFERENCE
PERSON_DATABASE_ID,UINT32,303,2,0,2,2,"Andrezinho | Reginaldo Araújo","",AUXILIARY_REFERENCE
INTERNAL_PERSON_ID,UINT16,411,2,0,2,2,"Bruno Santos | Reginaldo Araújo","",AUXILIARY_REFERENCE
INTERNAL_PERSON_ID,UINT32,411,2,0,2,2,"Bruno Santos | Reginaldo Araújo","",AUXILIARY_REFERENCE
PERSON_DATABASE_ID,UINT16,1235,0,2,2,2,"","Marcelo Magalhães | Rosinei",AUXILIARY_REFERENCE
PERSON_DATABASE_ID,UINT32,1235,0,2,2,2,"","Marcelo Magalhães | Rosinei",AUXILIARY_REFERENCE
INTERNAL_PERSON_ID,UINT16,-230,0,1,1,2,"","Édson Araújo",AUXILIARY_REFERENCE
INTERNAL_PERSON_ID,UINT16,2496,0,1,1,2,"","Édson Araújo",AUXILIARY_REFERENCE
INTERNAL_PERSON_ID,UINT16,-3004,0,1,1,2,"","Édson Araújo",AUXILIARY_REFERENCE
INTERNAL_PERSON_ID,UINT16,-3122,0,1,1,2,"","Édson Araújo",AUXILIARY_REFERENCE
INTERNAL_PERSON_ID,UINT16,3810,0,1,1,2,"","Édson Araújo",AUXILIARY_REFERENCE
INTERNAL_PERSON_ID,UINT16,-3,0,1,1,1,"","Édson Araújo",AUXILIARY_REFERENCE
INTERNAL_PERSON_ID,UINT32,-3,0,1,1,1,"","Édson Araújo",AUXILIARY_REFERENCE
PERSON_DATABASE_ID,UINT16,-25,0,1,1,1,"","Alessandro",AUXILIARY_REFERENCE
PERSON_DATABASE_ID,UINT32,-25,0,1,1,1,"","Alessandro",AUXILIARY_REFERENCE
PERSON_DATABASE_ID,UINT16,-33,0,1,1,1,"","Luciano Ratinho",AUXILIARY_REFERENCE
PERSON_DATABASE_ID,UINT32,-33,0,1,1,1,"","Luciano Ratinho",AUXILIARY_REFERENCE
INTERNAL_PERSON_ID,UINT16,40,0,1,1,1,"","Édson Araújo",AUXILIARY_REFERENCE
INTERNAL_PERSON_ID,UINT32,40,0,1,1,1,"","Édson Araújo",AUXILIARY_REFERENCE
INTERNAL_PERSON_ID,UINT16,-41,0,1,1,1,"","Édson Araújo",AUXILIARY_REFERENCE
PERSON_DATABASE_ID,UINT16,-41,0,1,1,1,"","Marcelo Magalhães",AUXILIARY_REFERENCE
PERSON_DATABASE_ID,UINT32,-41,0,1,1,1,"","Marcelo Magalhães",AUXILIARY_REFERENCE
INTERNAL_PERSON_ID,UINT16,-42,0,1,1,1,"","Édson Araújo",AUXILIARY_REFERENCE
INTERNAL_PERSON_ID,UINT16,57,0,1,1,1,"","Édson Araújo",AUXILIARY_REFERENCE
INTERNAL_PERSON_ID,UINT16,-64,0,1,1,1,"","Édson Araújo",AUXILIARY_REFERENCE
INTERNAL_PERSON_ID,UINT16,-71,0,1,1,1,"","Édson Araújo",AUXILIARY_REFERENCE
INTERNAL_PERSON_ID,UINT32,-71,0,1,1,1,"","Édson Araújo",AUXILIARY_REFERENCE
INTERNAL_PERSON_ID,UINT16,-72,0,1,1,1,"","Édson Araújo",AUXILIARY_REFERENCE
PERSON_DATABASE_ID,UINT16,-89,0,1,1,1,"","Alessandro",AUXILIARY_REFERENCE
PERSON_DATABASE_ID,UINT32,-89,0,1,1,1,"","Alessandro",AUXILIARY_REFERENCE
INTERNAL_PERSON_ID,UINT16,-90,0,1,1,1,"","Édson Araújo",AUXILIARY_REFERENCE
INTERNAL_PERSON_ID,UINT16,90,0,1,1,1,"","Édson Araújo",AUXILIARY_REFERENCE
INTERNAL_PERSON_ID,UINT16,102,1,0,1,1,"Bruno Santos","",AUXILIARY_REFERENCE
INTERNAL_PERSON_ID,UINT32,102,1,0,1,1,"Bruno Santos","",AUXILIARY_REFERENCE
PERSON_DATABASE_ID,UINT16,-103,0,1,1,1,"","Édson Araújo",AUXILIARY_REFERENCE
PERSON_DATABASE_ID,UINT32,-103,0,1,1,1,"","Édson Araújo",AUXILIARY_REFERENCE
INTERNAL_PERSON_ID,UINT16,105,1,0,1,1,"Dimba","",AUXILIARY_REFERENCE
INTERNAL_PERSON_ID,UINT32,105,1,0,1,1,"Dimba","",AUXILIARY_REFERENCE
INTERNAL_PERSON_ID,UINT16,-109,1,0,1,1,"Dimba","",AUXILIARY_REFERENCE
INTERNAL_PERSON_ID,UINT32,-109,1,0,1,1,"Dimba","",AUXILIARY_REFERENCE
PERSON_DATABASE_ID,UINT16,-113,1,0,1,1,"Júnior Baiano","",AUXILIARY_REFERENCE
PERSON_DATABASE_ID,UINT32,-113,1,0,1,1,"Júnior Baiano","",AUXILIARY_REFERENCE
PERSON_DATABASE_ID,UINT16,-119,0,1,1,1,"","Luciano Ratinho",AUXILIARY_REFERENCE
PERSON_DATABASE_ID,UINT32,-119,0,1,1,1,"","Luciano Ratinho",AUXILIARY_REFERENCE
PERSON_DATABASE_ID,UINT16,123,1,0,1,1,"André Bahia","",AUXILIARY_REFERENCE
PERSON_DATABASE_ID,UINT32,123,1,0,1,1,"André Bahia","",AUXILIARY_REFERENCE
PERSON_DATABASE_ID,UINT16,-127,0,1,1,1,"","Marcelo Magalhães",AUXILIARY_REFERENCE
PERSON_DATABASE_ID,UINT32,-127,0,1,1,1,"","Marcelo Magalhães",AUXILIARY_REFERENCE
INTERNAL_PERSON_ID,UINT16,134,0,1,1,1,"","Édson Araújo",AUXILIARY_REFERENCE
INTERNAL_PERSON_ID,UINT32,134,0,1,1,1,"","Édson Araújo",AUXILIARY_REFERENCE
INTERNAL_PERSON_ID,UINT16,141,0,1,1,1,"","Édson Araújo",AUXILIARY_REFERENCE
INTERNAL_PERSON_ID,UINT16,142,1,0,1,1,"Bruno Santos","",AUXILIARY_REFERENCE
INTERNAL_PERSON_ID,UINT32,142,1,0,1,1,"Bruno Santos","",AUXILIARY_REFERENCE
INTERNAL_PERSON_ID,UINT16,146,1,0,1,1,"André Bahia","",AUXILIARY_REFERENCE
INTERNAL_PERSON_ID,UINT32,146,1,0,1,1,"André Bahia","",AUXILIARY_REFERENCE
INTERNAL_PERSON_ID,UINT16,147,0,1,1,1,"","Alessandro",AUXILIARY_REFERENCE
INTERNAL_PERSON_ID,UINT32,147,0,1,1,1,"","Alessandro",AUXILIARY_REFERENCE
INTERNAL_PERSON_ID,UINT16,148,1,0,1,1,"Douglas Silva","",AUXILIARY_REFERENCE
INTERNAL_PERSON_ID,UINT32,148,1,0,1,1,"Douglas Silva","",AUXILIARY_REFERENCE
INTERNAL_PERSON_ID,UINT16,150,1,0,1,1,"Andrezinho","",AUXILIARY_REFERENCE
INTERNAL_PERSON_ID,UINT32,150,1,0,1,1,"Andrezinho","",AUXILIARY_REFERENCE
INTERNAL_PERSON_ID,UINT16,151,1,0,1,1,"Reginaldo Araújo","",AUXILIARY_REFERENCE
INTERNAL_PERSON_ID,UINT32,151,1,0,1,1,"Reginaldo Araújo","",AUXILIARY_REFERENCE
INTERNAL_PERSON_ID,UINT16,154,1,0,1,1,"Júlio César Moraes","",AUXILIARY_REFERENCE
INTERNAL_PERSON_ID,UINT32,154,1,0,1,1,"Júlio César Moraes","",AUXILIARY_REFERENCE
INTERNAL_PERSON_ID,UINT16,157,1,0,1,1,"Fabiano Eller","",AUXILIARY_REFERENCE
INTERNAL_PERSON_ID,UINT32,157,1,0,1,1,"Fabiano Eller","",AUXILIARY_REFERENCE
INTERNAL_PERSON_ID,UINT16,-159,0,1,1,1,"","Rosinei",AUXILIARY_REFERENCE
INTERNAL_PERSON_ID,UINT32,-159,0,1,1,1,"","Rosinei",AUXILIARY_REFERENCE
INTERNAL_PERSON_ID,UINT16,-160,0,1,1,1,"","Édson Araújo",AUXILIARY_REFERENCE
INTERNAL_PERSON_ID,UINT16,162,0,1,1,1,"","Édson Araújo",AUXILIARY_REFERENCE
INTERNAL_PERSON_ID,UINT32,162,0,1,1,1,"","Édson Araújo",AUXILIARY_REFERENCE
INTERNAL_PERSON_ID,UINT16,-175,0,1,1,1,"","Dinélson",AUXILIARY_REFERENCE
INTERNAL_PERSON_ID,UINT32,-175,0,1,1,1,"","Dinélson",AUXILIARY_REFERENCE
INTERNAL_PERSON_ID,UINT16,-181,1,0,1,1,"Fabiano Eller","",AUXILIARY_REFERENCE
INTERNAL_PERSON_ID,UINT16,187,0,1,1,1,"","Marcelo Magalhães",AUXILIARY_REFERENCE
INTERNAL_PERSON_ID,UINT32,187,0,1,1,1,"","Marcelo Magalhães",AUXILIARY_REFERENCE
INTERNAL_PERSON_ID,UINT16,188,0,1,1,1,"","Édson Araújo",AUXILIARY_REFERENCE
INTERNAL_PERSON_ID,UINT32,188,0,1,1,1,"","Édson Araújo",AUXILIARY_REFERENCE
INTERNAL_PERSON_ID,UINT16,-189,1,0,1,1,"Fabiano Eller","",AUXILIARY_REFERENCE
INTERNAL_PERSON_ID,UINT16,-195,0,1,1,1,"","Édson Araújo",AUXILIARY_REFERENCE
INTERNAL_PERSON_ID,UINT16,-196,0,1,1,1,"","Édson Araújo",AUXILIARY_REFERENCE
INTERNAL_PERSON_ID,UINT16,-199,0,1,1,1,"","Rosinei",AUXILIARY_REFERENCE
INTERNAL_PERSON_ID,UINT32,-199,0,1,1,1,"","Rosinei",AUXILIARY_REFERENCE
INTERNAL_PERSON_ID,UINT16,-204,0,1,1,1,"","Édson Araújo",AUXILIARY_REFERENCE
INTERNAL_PERSON_ID,UINT16,211,0,1,1,1,"","Alessandro",AUXILIARY_REFERENCE
INTERNAL_PERSON_ID,UINT32,211,0,1,1,1,"","Alessandro",AUXILIARY_REFERENCE
INTERNAL_PERSON_ID,UINT16,212,1,0,1,1,"Douglas Silva","",AUXILIARY_REFERENCE
INTERNAL_PERSON_ID,UINT32,212,1,0,1,1,"Douglas Silva","",AUXILIARY_REFERENCE
INTERNAL_PERSON_ID,UINT16,215,1,0,1,1,"Reginaldo Araújo","",AUXILIARY_REFERENCE
INTERNAL_PERSON_ID,UINT32,215,1,0,1,1,"Reginaldo Araújo","",AUXILIARY_REFERENCE
INTERNAL_PERSON_ID,UINT16,-215,0,1,1,1,"","Dinélson",AUXILIARY_REFERENCE
INTERNAL_PERSON_ID,UINT32,-215,0,1,1,1,"","Dinélson",AUXILIARY_REFERENCE
INTERNAL_PERSON_ID,UINT16,-221,0,1,1,1,"","Édson Araújo",AUXILIARY_REFERENCE
PERSON_DATABASE_ID,UINT16,229,0,1,1,1,"","Édson Araújo",AUXILIARY_REFERENCE
PERSON_DATABASE_ID,UINT32,229,0,1,1,1,"","Édson Araújo",AUXILIARY_REFERENCE
INTERNAL_PERSON_ID,UINT16,235,1,0,1,1,"Douglas Silva","",AUXILIARY_REFERENCE
PERSON_DATABASE_ID,UINT16,237,1,0,1,1,"Reginaldo Araújo","",AUXILIARY_REFERENCE
PERSON_DATABASE_ID,UINT32,237,1,0,1,1,"Reginaldo Araújo","",AUXILIARY_REFERENCE
PERSON_DATABASE_ID,UINT16,246,1,0,1,1,"Júnior Baiano","",AUXILIARY_REFERENCE
PERSON_DATABASE_ID,UINT32,246,1,0,1,1,"Júnior Baiano","",AUXILIARY_REFERENCE
INTERNAL_PERSON_ID,UINT16,-251,0,1,1,1,"","Édson Araújo",AUXILIARY_REFERENCE
INTERNAL_PERSON_ID,UINT16,260,0,1,1,1,"","Édson Araújo",AUXILIARY_REFERENCE
INTERNAL_PERSON_ID,UINT32,260,0,1,1,1,"","Édson Araújo",AUXILIARY_REFERENCE
INTERNAL_PERSON_ID,UINT16,-265,0,1,1,1,"","Édson Araújo",AUXILIARY_REFERENCE
PERSON_DATABASE_ID,UINT16,268,0,1,1,1,"","Marcelo Magalhães",AUXILIARY_REFERENCE
PERSON_DATABASE_ID,UINT32,268,0,1,1,1,"","Marcelo Magalhães",AUXILIARY_REFERENCE
INTERNAL_PERSON_ID,UINT16,-278,0,1,1,1,"","Édson Araújo",AUXILIARY_REFERENCE
INTERNAL_PERSON_ID,UINT16,286,1,0,1,1,"André Bahia","",AUXILIARY_REFERENCE
INTERNAL_PERSON_ID,UINT32,286,1,0,1,1,"André Bahia","",AUXILIARY_REFERENCE
INTERNAL_PERSON_ID,UINT16,-288,0,1,1,1,"","Édson Araújo",AUXILIARY_REFERENCE
INTERNAL_PERSON_ID,UINT32,-288,0,1,1,1,"","Édson Araújo",AUXILIARY_REFERENCE
INTERNAL_PERSON_ID,UINT16,-290,0,1,1,1,"","Édson Araújo",AUXILIARY_REFERENCE
PERSON_DATABASE_ID,UINT16,294,1,0,1,1,"André Bahia","",AUXILIARY_REFERENCE
PERSON_DATABASE_ID,UINT32,294,1,0,1,1,"André Bahia","",AUXILIARY_REFERENCE
PERSON_DATABASE_ID,UINT16,-295,1,0,1,1,"Dimba","",AUXILIARY_REFERENCE
PERSON_DATABASE_ID,UINT32,-295,1,0,1,1,"Dimba","",AUXILIARY_REFERENCE
PERSON_DATABASE_ID,UINT16,308,0,1,1,1,"","Marcelo Magalhães",AUXILIARY_REFERENCE
PERSON_DATABASE_ID,UINT32,308,0,1,1,1,"","Marcelo Magalhães",AUXILIARY_REFERENCE
PERSON_DATABASE_ID,UINT16,311,1,0,1,1,"Reginaldo Araújo","",AUXILIARY_REFERENCE
PERSON_DATABASE_ID,UINT32,311,1,0,1,1,"Reginaldo Araújo","",AUXILIARY_REFERENCE
INTERNAL_PERSON_ID,UINT16,314,0,1,1,1,"","Édson Araújo",AUXILIARY_REFERENCE
INTERNAL_PERSON_ID,UINT32,314,0,1,1,1,"","Édson Araújo",AUXILIARY_REFERENCE
PERSON_DATABASE_ID,UINT16,-317,0,1,1,1,"","Rosinei",AUXILIARY_REFERENCE
PERSON_DATABASE_ID,UINT32,-317,0,1,1,1,"","Rosinei",AUXILIARY_REFERENCE
PERSON_DATABASE_ID,UINT16,328,1,0,1,1,"Fabiano Eller","",AUXILIARY_REFERENCE
INTERNAL_PERSON_ID,UINT16,-328,0,1,1,1,"","Édson Araújo",AUXILIARY_REFERENCE
INTERNAL_PERSON_ID,UINT32,-328,0,1,1,1,"","Édson Araújo",AUXILIARY_REFERENCE
PERSON_DATABASE_ID,UINT16,336,1,0,1,1,"Fabiano Eller","",AUXILIARY_REFERENCE
INTERNAL_PERSON_ID,UINT16,-339,0,1,1,1,"","Édson Araújo",AUXILIARY_REFERENCE
INTERNAL_PERSON_ID,UINT32,-339,0,1,1,1,"","Édson Araújo",AUXILIARY_REFERENCE
INTERNAL_PERSON_ID,UINT16,346,1,0,1,1,"Andrezinho","",AUXILIARY_REFERENCE
INTERNAL_PERSON_ID,UINT32,346,1,0,1,1,"Andrezinho","",AUXILIARY_REFERENCE
PERSON_DATABASE_ID,UINT16,-350,0,1,1,1,"","Dinélson",AUXILIARY_REFERENCE
PERSON_DATABASE_ID,UINT32,-350,0,1,1,1,"","Dinélson",AUXILIARY_REFERENCE
INTERNAL_PERSON_ID,UINT16,-353,0,1,1,1,"","Édson Araújo",AUXILIARY_REFERENCE
INTERNAL_PERSON_ID,UINT16,354,0,1,1,1,"","Édson Araújo",AUXILIARY_REFERENCE
INTERNAL_PERSON_ID,UINT32,354,0,1,1,1,"","Édson Araújo",AUXILIARY_REFERENCE
PERSON_DATABASE_ID,UINT16,-355,1,0,1,1,"Fabiano Eller","",AUXILIARY_REFERENCE
PERSON_DATABASE_ID,UINT16,-357,0,1,1,1,"","Rosinei",AUXILIARY_REFERENCE
PERSON_DATABASE_ID,UINT32,-357,0,1,1,1,"","Rosinei",AUXILIARY_REFERENCE
PERSON_DATABASE_ID,UINT16,-363,1,0,1,1,"Fabiano Eller","",AUXILIARY_REFERENCE
PERSON_DATABASE_ID,UINT16,-390,0,1,1,1,"","Dinélson",AUXILIARY_REFERENCE
PERSON_DATABASE_ID,UINT32,-390,0,1,1,1,"","Dinélson",AUXILIARY_REFERENCE
INTERNAL_PERSON_ID,UINT16,394,0,1,1,1,"","Fábio Baiano",AUXILIARY_REFERENCE
INTERNAL_PERSON_ID,UINT16,403,0,1,1,1,"","Édson Araújo",AUXILIARY_REFERENCE
INTERNAL_PERSON_ID,UINT32,403,0,1,1,1,"","Édson Araújo",AUXILIARY_REFERENCE
INTERNAL_PERSON_ID,UINT16,-410,0,1,1,1,"","Édson Araújo",AUXILIARY_REFERENCE
INTERNAL_PERSON_ID,UINT16,410,0,1,1,1,"","Rosinei",AUXILIARY_REFERENCE
INTERNAL_PERSON_ID,UINT32,410,0,1,1,1,"","Rosinei",AUXILIARY_REFERENCE
PERSON_DATABASE_ID,UINT16,423,0,1,1,1,"","Bruno Octávio",AUXILIARY_REFERENCE
PERSON_DATABASE_ID,UINT32,423,0,1,1,1,"","Bruno Octávio",AUXILIARY_REFERENCE
INTERNAL_PERSON_ID,UINT16,427,0,1,1,1,"","Dinélson",AUXILIARY_REFERENCE
INTERNAL_PERSON_ID,UINT32,427,0,1,1,1,"","Dinélson",AUXILIARY_REFERENCE
INTERNAL_PERSON_ID,UINT16,428,0,1,1,1,"","Édson Araújo",AUXILIARY_REFERENCE
PERSON_DATABASE_ID,UINT16,432,1,0,1,1,"Bruno Santos","",AUXILIARY_REFERENCE
PERSON_DATABASE_ID,UINT32,432,1,0,1,1,"Bruno Santos","",AUXILIARY_REFERENCE
INTERNAL_PERSON_ID,UINT16,436,0,1,1,1,"","Édson Araújo",AUXILIARY_REFERENCE
INTERNAL_PERSON_ID,UINT16,442,0,1,1,1,"","Édson Araújo",AUXILIARY_REFERENCE
INTERNAL_PERSON_ID,UINT32,442,0,1,1,1,"","Édson Araújo",AUXILIARY_REFERENCE
INTERNAL_PERSON_ID,UINT16,443,0,1,1,1,"","Édson Araújo",AUXILIARY_REFERENCE
INTERNAL_PERSON_ID,UINT32,443,0,1,1,1,"","Édson Araújo",AUXILIARY_REFERENCE
INTERNAL_PERSON_ID,UINT16,450,0,1,1,1,"","Rosinei",AUXILIARY_REFERENCE
INTERNAL_PERSON_ID,UINT32,450,0,1,1,1,"","Rosinei",AUXILIARY_REFERENCE
INTERNAL_PERSON_ID,UINT16,451,1,0,1,1,"Bruno Santos","",AUXILIARY_REFERENCE
INTERNAL_PERSON_ID,UINT32,451,1,0,1,1,"Bruno Santos","",AUXILIARY_REFERENCE
INTERNAL_PERSON_ID,UINT16,457,1,0,1,1,"André Bahia","",AUXILIARY_REFERENCE
INTERNAL_PERSON_ID,UINT32,457,1,0,1,1,"André Bahia","",AUXILIARY_REFERENCE
INTERNAL_PERSON_ID,UINT16,460,1,0,1,1,"Júnior Baiano","",AUXILIARY_REFERENCE
INTERNAL_PERSON_ID,UINT32,460,1,0,1,1,"Júnior Baiano","",AUXILIARY_REFERENCE
INTERNAL_PERSON_ID,UINT16,467,0,1,1,1,"","Dinélson",AUXILIARY_REFERENCE
INTERNAL_PERSON_ID,UINT32,467,0,1,1,1,"","Dinélson",AUXILIARY_REFERENCE
INTERNAL_PERSON_ID,UINT16,-468,0,1,1,1,"","Rosinei",AUXILIARY_REFERENCE
INTERNAL_PERSON_ID,UINT32,-468,0,1,1,1,"","Rosinei",AUXILIARY_REFERENCE
INTERNAL_PERSON_ID,UINT16,469,1,0,1,1,"Reginaldo Araújo","",AUXILIARY_REFERENCE
INTERNAL_PERSON_ID,UINT32,469,1,0,1,1,"Reginaldo Araújo","",AUXILIARY_REFERENCE
INTERNAL_PERSON_ID,UINT16,470,1,0,1,1,"Andrezinho","",AUXILIARY_REFERENCE
INTERNAL_PERSON_ID,UINT32,470,1,0,1,1,"Andrezinho","",AUXILIARY_REFERENCE
INTERNAL_PERSON_ID,UINT16,478,0,1,1,1,"","Édson Araújo",AUXILIARY_REFERENCE
INTERNAL_PERSON_ID,UINT32,478,0,1,1,1,"","Édson Araújo",AUXILIARY_REFERENCE
INTERNAL_PERSON_ID,UINT16,496,0,1,1,1,"","Marcelo Magalhães",AUXILIARY_REFERENCE
INTERNAL_PERSON_ID,UINT32,496,0,1,1,1,"","Marcelo Magalhães",AUXILIARY_REFERENCE
INTERNAL_PERSON_ID,UINT16,502,1,0,1,1,"Fabiano Eller","",AUXILIARY_REFERENCE
PERSON_DATABASE_ID,UINT16,507,1,0,1,1,"Andrezinho","",AUXILIARY_REFERENCE
PERSON_DATABASE_ID,UINT32,507,1,0,1,1,"Andrezinho","",AUXILIARY_REFERENCE
INTERNAL_PERSON_ID,UINT16,510,1,0,1,1,"Fabiano Eller","",AUXILIARY_REFERENCE
INTERNAL_PERSON_ID,UINT16,-515,1,0,1,1,"Andrezinho","",AUXILIARY_REFERENCE
INTERNAL_PERSON_ID,UINT32,-515,1,0,1,1,"Andrezinho","",AUXILIARY_REFERENCE
INTERNAL_PERSON_ID,UINT16,524,0,1,1,1,"","Édson Araújo",AUXILIARY_REFERENCE
INTERNAL_PERSON_ID,UINT16,535,1,0,1,1,"Reginaldo Araújo","",AUXILIARY_REFERENCE
INTERNAL_PERSON_ID,UINT32,535,1,0,1,1,"Reginaldo Araújo","",AUXILIARY_REFERENCE
INTERNAL_PERSON_ID,UINT16,536,0,1,1,1,"","Marcelo Magalhães",AUXILIARY_REFERENCE
INTERNAL_PERSON_ID,UINT32,536,0,1,1,1,"","Marcelo Magalhães",AUXILIARY_REFERENCE
INTERNAL_PERSON_ID,UINT16,543,1,0,1,1,"Reginaldo Araújo","",AUXILIARY_REFERENCE
INTERNAL_PERSON_ID,UINT32,543,1,0,1,1,"Reginaldo Araújo","",AUXILIARY_REFERENCE
INTERNAL_PERSON_ID,UINT16,-543,0,1,1,1,"","Fábio Costa",AUXILIARY_REFERENCE
INTERNAL_PERSON_ID,UINT32,-543,0,1,1,1,"","Fábio Costa",AUXILIARY_REFERENCE
PERSON_DATABASE_ID,UINT16,561,0,1,1,1,"","Rosinei",AUXILIARY_REFERENCE
PERSON_DATABASE_ID,UINT32,561,0,1,1,1,"","Rosinei",AUXILIARY_REFERENCE
INTERNAL_PERSON_ID,UINT16,565,0,1,1,1,"","Édson Araújo",AUXILIARY_REFERENCE
INTERNAL_PERSON_ID,UINT16,-570,0,1,1,1,"","Rosinei",AUXILIARY_REFERENCE
INTERNAL_PERSON_ID,UINT32,-570,0,1,1,1,"","Rosinei",AUXILIARY_REFERENCE
INTERNAL_PERSON_ID,UINT16,581,0,1,1,1,"","Bruno Octávio",AUXILIARY_REFERENCE
INTERNAL_PERSON_ID,UINT32,581,0,1,1,1,"","Bruno Octávio",AUXILIARY_REFERENCE
INTERNAL_PERSON_ID,UINT16,591,1,0,1,1,"Bruno Santos","",AUXILIARY_REFERENCE
INTERNAL_PERSON_ID,UINT32,591,1,0,1,1,"Bruno Santos","",AUXILIARY_REFERENCE
PERSON_DATABASE_ID,UINT16,593,0,1,1,1,"","Marcelo Magalhães",AUXILIARY_REFERENCE
PERSON_DATABASE_ID,UINT32,593,0,1,1,1,"","Marcelo Magalhães",AUXILIARY_REFERENCE
PERSON_DATABASE_ID,UINT16,601,0,1,1,1,"","Rosinei",AUXILIARY_REFERENCE
PERSON_DATABASE_ID,UINT32,601,0,1,1,1,"","Rosinei",AUXILIARY_REFERENCE
INTERNAL_PERSON_ID,UINT16,617,0,1,1,1,"","Édson Araújo",AUXILIARY_REFERENCE
INTERNAL_PERSON_ID,UINT16,-621,0,1,1,1,"","Marcelo Magalhães",AUXILIARY_REFERENCE
INTERNAL_PERSON_ID,UINT32,-621,0,1,1,1,"","Marcelo Magalhães",AUXILIARY_REFERENCE
INTERNAL_PERSON_ID,UINT16,-622,0,1,1,1,"","Édson Araújo",AUXILIARY_REFERENCE
PERSON_DATABASE_ID,UINT16,-626,0,1,1,1,"","Rosinei",AUXILIARY_REFERENCE
PERSON_DATABASE_ID,UINT32,-626,0,1,1,1,"","Rosinei",AUXILIARY_REFERENCE
INTERNAL_PERSON_ID,UINT16,-631,0,1,1,1,"","Édson Araújo",AUXILIARY_REFERENCE
PERSON_DATABASE_ID,UINT16,633,0,1,1,1,"","Marcelo Magalhães",AUXILIARY_REFERENCE
PERSON_DATABASE_ID,UINT32,633,0,1,1,1,"","Marcelo Magalhães",AUXILIARY_REFERENCE
INTERNAL_PERSON_ID,UINT16,-645,0,1,1,1,"","Édson Araújo",AUXILIARY_REFERENCE
INTERNAL_PERSON_ID,UINT32,-645,0,1,1,1,"","Édson Araújo",AUXILIARY_REFERENCE
INTERNAL_PERSON_ID,UINT16,674,1,0,1,1,"Andrezinho","",AUXILIARY_REFERENCE
INTERNAL_PERSON_ID,UINT32,674,1,0,1,1,"Andrezinho","",AUXILIARY_REFERENCE
PERSON_DATABASE_ID,UINT16,-682,1,0,1,1,"Andrezinho","",AUXILIARY_REFERENCE
PERSON_DATABASE_ID,UINT32,-682,1,0,1,1,"Andrezinho","",AUXILIARY_REFERENCE
INTERNAL_PERSON_ID,UINT16,-691,0,1,1,1,"","Édson Araújo",AUXILIARY_REFERENCE
INTERNAL_PERSON_ID,UINT32,-691,0,1,1,1,"","Édson Araújo",AUXILIARY_REFERENCE
PERSON_DATABASE_ID,UINT16,-705,0,1,1,1,"","Fábio Costa",AUXILIARY_REFERENCE
PERSON_DATABASE_ID,UINT32,-705,0,1,1,1,"","Fábio Costa",AUXILIARY_REFERENCE
INTERNAL_PERSON_ID,UINT16,719,0,1,1,1,"","Rosinei",AUXILIARY_REFERENCE
INTERNAL_PERSON_ID,UINT32,719,0,1,1,1,"","Rosinei",AUXILIARY_REFERENCE
PERSON_DATABASE_ID,UINT16,-728,0,1,1,1,"","Rosinei",AUXILIARY_REFERENCE
PERSON_DATABASE_ID,UINT32,-728,0,1,1,1,"","Rosinei",AUXILIARY_REFERENCE
PERSON_DATABASE_ID,UINT16,732,1,0,1,1,"Bruno Santos","",AUXILIARY_REFERENCE
PERSON_DATABASE_ID,UINT32,732,1,0,1,1,"Bruno Santos","",AUXILIARY_REFERENCE
INTERNAL_PERSON_ID,UINT16,734,0,1,1,1,"","Édson Araújo",AUXILIARY_REFERENCE
INTERNAL_PERSON_ID,UINT16,-754,0,1,1,1,"","Édson Araújo",AUXILIARY_REFERENCE
INTERNAL_PERSON_ID,UINT16,759,0,1,1,1,"","Rosinei",AUXILIARY_REFERENCE
INTERNAL_PERSON_ID,UINT32,759,0,1,1,1,"","Rosinei",AUXILIARY_REFERENCE
INTERNAL_PERSON_ID,UINT16,-794,1,0,1,1,"Andrezinho","",AUXILIARY_REFERENCE
INTERNAL_PERSON_ID,UINT32,-794,1,0,1,1,"Andrezinho","",AUXILIARY_REFERENCE
PERSON_DATABASE_ID,UINT16,818,1,0,1,1,"Andrezinho","",AUXILIARY_REFERENCE
PERSON_DATABASE_ID,UINT32,818,1,0,1,1,"Andrezinho","",AUXILIARY_REFERENCE
INTERNAL_PERSON_ID,UINT16,821,0,1,1,1,"","Marcelo Magalhães",AUXILIARY_REFERENCE
INTERNAL_PERSON_ID,UINT32,821,0,1,1,1,"","Marcelo Magalhães",AUXILIARY_REFERENCE
INTERNAL_PERSON_ID,UINT16,-839,0,1,1,1,"","Rosinei",AUXILIARY_REFERENCE
INTERNAL_PERSON_ID,UINT32,-839,0,1,1,1,"","Rosinei",AUXILIARY_REFERENCE
PERSON_DATABASE_ID,UINT16,-849,0,1,1,1,"","Marcelo Magalhães",AUXILIARY_REFERENCE
PERSON_DATABASE_ID,UINT32,-849,0,1,1,1,"","Marcelo Magalhães",AUXILIARY_REFERENCE
INTERNAL_PERSON_ID,UINT16,861,0,1,1,1,"","Marcelo Magalhães",AUXILIARY_REFERENCE
INTERNAL_PERSON_ID,UINT32,861,0,1,1,1,"","Marcelo Magalhães",AUXILIARY_REFERENCE
INTERNAL_PERSON_ID,UINT16,-879,0,1,1,1,"","Rosinei",AUXILIARY_REFERENCE
INTERNAL_PERSON_ID,UINT32,-879,0,1,1,1,"","Rosinei",AUXILIARY_REFERENCE
INTERNAL_PERSON_ID,UINT16,885,0,1,1,1,"","Édson Araújo",AUXILIARY_REFERENCE
INTERNAL_PERSON_ID,UINT32,885,0,1,1,1,"","Édson Araújo",AUXILIARY_REFERENCE
PERSON_DATABASE_ID,UINT16,886,0,1,1,1,"","Rosinei",AUXILIARY_REFERENCE
PERSON_DATABASE_ID,UINT32,886,0,1,1,1,"","Rosinei",AUXILIARY_REFERENCE
INTERNAL_PERSON_ID,UINT16,891,1,0,1,1,"Bruno Santos","",AUXILIARY_REFERENCE
INTERNAL_PERSON_ID,UINT32,891,1,0,1,1,"Bruno Santos","",AUXILIARY_REFERENCE
INTERNAL_PERSON_ID,UINT16,-914,0,1,1,1,"","Édson Araújo",AUXILIARY_REFERENCE
INTERNAL_PERSON_ID,UINT32,-914,0,1,1,1,"","Édson Araújo",AUXILIARY_REFERENCE
INTERNAL_PERSON_ID,UINT16,916,0,1,1,1,"","Édson Araújo",AUXILIARY_REFERENCE
INTERNAL_PERSON_ID,UINT16,918,0,1,1,1,"","Édson Araújo",AUXILIARY_REFERENCE
PERSON_DATABASE_ID,UINT16,918,0,1,1,1,"","Marcelo Magalhães",AUXILIARY_REFERENCE
PERSON_DATABASE_ID,UINT32,918,0,1,1,1,"","Marcelo Magalhães",AUXILIARY_REFERENCE
PERSON_DATABASE_ID,UINT16,926,0,1,1,1,"","Rosinei",AUXILIARY_REFERENCE
PERSON_DATABASE_ID,UINT32,926,0,1,1,1,"","Rosinei",AUXILIARY_REFERENCE
INTERNAL_PERSON_ID,UINT16,929,0,1,1,1,"","Édson Araújo",AUXILIARY_REFERENCE
PERSON_DATABASE_ID,UINT16,947,1,0,1,1,"Andrezinho","",AUXILIARY_REFERENCE
PERSON_DATABASE_ID,UINT32,947,1,0,1,1,"Andrezinho","",AUXILIARY_REFERENCE
INTERNAL_PERSON_ID,UINT16,-954,0,1,1,1,"","Édson Araújo",AUXILIARY_REFERENCE
INTERNAL_PERSON_ID,UINT32,-954,0,1,1,1,"","Édson Araújo",AUXILIARY_REFERENCE
PERSON_DATABASE_ID,UINT16,958,0,1,1,1,"","Marcelo Magalhães",AUXILIARY_REFERENCE
PERSON_DATABASE_ID,UINT32,958,0,1,1,1,"","Marcelo Magalhães",AUXILIARY_REFERENCE
INTERNAL_PERSON_ID,UINT16,-960,0,1,1,1,"","Édson Araújo",AUXILIARY_REFERENCE
INTERNAL_PERSON_ID,UINT32,-960,0,1,1,1,"","Édson Araújo",AUXILIARY_REFERENCE
PERSON_DATABASE_ID,UINT16,-961,1,0,1,1,"Andrezinho","",AUXILIARY_REFERENCE
PERSON_DATABASE_ID,UINT32,-961,1,0,1,1,"Andrezinho","",AUXILIARY_REFERENCE
INTERNAL_PERSON_ID,UINT16,-965,1,0,1,1,"Andrezinho","",AUXILIARY_REFERENCE
INTERNAL_PERSON_ID,UINT32,-965,1,0,1,1,"Andrezinho","",AUXILIARY_REFERENCE
PERSON_DATABASE_ID,UINT16,966,0,1,1,1,"","Marcelo Magalhães",AUXILIARY_REFERENCE
PERSON_DATABASE_ID,UINT32,966,0,1,1,1,"","Marcelo Magalhães",AUXILIARY_REFERENCE
INTERNAL_PERSON_ID,UINT16,985,1,0,1,1,"Andrezinho","",AUXILIARY_REFERENCE
INTERNAL_PERSON_ID,UINT32,985,1,0,1,1,"Andrezinho","",AUXILIARY_REFERENCE
PERSON_DATABASE_ID,UINT16,-997,0,1,1,1,"","Rosinei",AUXILIARY_REFERENCE
PERSON_DATABASE_ID,UINT32,-997,0,1,1,1,"","Rosinei",AUXILIARY_REFERENCE
INTERNAL_PERSON_ID,UINT16,-1000,0,1,1,1,"","Édson Araújo",AUXILIARY_REFERENCE
INTERNAL_PERSON_ID,UINT32,-1000,0,1,1,1,"","Édson Araújo",AUXILIARY_REFERENCE
INTERNAL_PERSON_ID,UINT16,1013,0,1,1,1,"","Édson Araújo",AUXILIARY_REFERENCE
INTERNAL_PERSON_ID,UINT32,1013,0,1,1,1,"","Édson Araújo",AUXILIARY_REFERENCE
PERSON_DATABASE_ID,UINT16,-1037,0,1,1,1,"","Rosinei",AUXILIARY_REFERENCE
PERSON_DATABASE_ID,UINT32,-1037,0,1,1,1,"","Rosinei",AUXILIARY_REFERENCE
INTERNAL_PERSON_ID,UINT16,1044,0,1,1,1,"","Rosinei",AUXILIARY_REFERENCE
INTERNAL_PERSON_ID,UINT32,1044,0,1,1,1,"","Rosinei",AUXILIARY_REFERENCE
INTERNAL_PERSON_ID,UINT16,1048,0,1,1,1,"","Édson Araújo",AUXILIARY_REFERENCE
INTERNAL_PERSON_ID,UINT16,1063,1,0,1,1,"Douglas Silva","",AUXILIARY_REFERENCE
INTERNAL_PERSON_ID,UINT32,1063,1,0,1,1,"Douglas Silva","",AUXILIARY_REFERENCE
INTERNAL_PERSON_ID,UINT16,1072,1,0,1,1,"Douglas Silva","",AUXILIARY_REFERENCE
INTERNAL_PERSON_ID,UINT32,1072,1,0,1,1,"Douglas Silva","",AUXILIARY_REFERENCE
INTERNAL_PERSON_ID,UINT16,1084,0,1,1,1,"","Rosinei",AUXILIARY_REFERENCE
INTERNAL_PERSON_ID,UINT32,1084,0,1,1,1,"","Rosinei",AUXILIARY_REFERENCE
PERSON_DATABASE_ID,UINT16,1094,1,0,1,1,"Bruno Santos","",AUXILIARY_REFERENCE
PERSON_DATABASE_ID,UINT32,1094,1,0,1,1,"Bruno Santos","",AUXILIARY_REFERENCE
INTERNAL_PERSON_ID,UINT16,-1094,0,1,1,1,"","Fábio Baiano",AUXILIARY_REFERENCE
INTERNAL_PERSON_ID,UINT16,1114,1,0,1,1,"Andrezinho","",AUXILIARY_REFERENCE
INTERNAL_PERSON_ID,UINT32,1114,1,0,1,1,"Andrezinho","",AUXILIARY_REFERENCE
PERSON_DATABASE_ID,UINT16,-1132,1,0,1,1,"Andrezinho","",AUXILIARY_REFERENCE
PERSON_DATABASE_ID,UINT32,-1132,1,0,1,1,"Andrezinho","",AUXILIARY_REFERENCE
INTERNAL_PERSON_ID,UINT16,-1141,0,1,1,1,"","Édson Araújo",AUXILIARY_REFERENCE
INTERNAL_PERSON_ID,UINT32,-1141,0,1,1,1,"","Édson Araújo",AUXILIARY_REFERENCE
INTERNAL_PERSON_ID,UINT16,1146,0,1,1,1,"","Marcelo Magalhães",AUXILIARY_REFERENCE
INTERNAL_PERSON_ID,UINT32,1146,0,1,1,1,"","Marcelo Magalhães",AUXILIARY_REFERENCE
INTERNAL_PERSON_ID,UINT16,-1158,0,1,1,1,"","Édson Araújo",AUXILIARY_REFERENCE
INTERNAL_PERSON_ID,UINT16,1170,0,1,1,1,"","Édson Araújo",AUXILIARY_REFERENCE
INTERNAL_PERSON_ID,UINT16,1186,0,1,1,1,"","Marcelo Magalhães",AUXILIARY_REFERENCE
INTERNAL_PERSON_ID,UINT32,1186,0,1,1,1,"","Marcelo Magalhães",AUXILIARY_REFERENCE
INTERNAL_PERSON_ID,UINT16,1194,0,1,1,1,"","Marcelo Magalhães",AUXILIARY_REFERENCE
INTERNAL_PERSON_ID,UINT32,1194,0,1,1,1,"","Marcelo Magalhães",AUXILIARY_REFERENCE
PERSON_DATABASE_ID,UINT16,1195,0,1,1,1,"","Rosinei",AUXILIARY_REFERENCE
PERSON_DATABASE_ID,UINT32,1195,0,1,1,1,"","Rosinei",AUXILIARY_REFERENCE
INTERNAL_PERSON_ID,UINT16,1218,0,1,1,1,"","Édson Araújo",AUXILIARY_REFERENCE
PERSON_DATABASE_ID,UINT16,1237,1,0,1,1,"Júlio César Moraes","",AUXILIARY_REFERENCE
PERSON_DATABASE_ID,UINT32,1237,1,0,1,1,"Júlio César Moraes","",AUXILIARY_REFERENCE
INTERNAL_PERSON_ID,UINT16,1240,0,1,1,1,"","Édson Araújo",AUXILIARY_REFERENCE
PERSON_DATABASE_ID,UINT16,1249,0,1,1,1,"","Édson Araújo",AUXILIARY_REFERENCE
INTERNAL_PERSON_ID,UINT16,1253,1,0,1,1,"Bruno Santos","",AUXILIARY_REFERENCE
INTERNAL_PERSON_ID,UINT32,1253,1,0,1,1,"Bruno Santos","",AUXILIARY_REFERENCE
INTERNAL_PERSON_ID,UINT16,1263,0,1,1,1,"","Édson Araújo",AUXILIARY_REFERENCE
INTERNAL_PERSON_ID,UINT32,1263,0,1,1,1,"","Édson Araújo",AUXILIARY_REFERENCE
INTERNAL_PERSON_ID,UINT16,1275,0,1,1,1,"","Édson Araújo",AUXILIARY_REFERENCE
PERSON_DATABASE_ID,UINT16,1275,0,1,1,1,"","Marcelo Magalhães",AUXILIARY_REFERENCE
PERSON_DATABASE_ID,UINT32,1275,0,1,1,1,"","Marcelo Magalhães",AUXILIARY_REFERENCE
PERSON_DATABASE_ID,UINT16,1291,1,0,1,1,"Douglas Silva","",AUXILIARY_REFERENCE
PERSON_DATABASE_ID,UINT32,1291,1,0,1,1,"Douglas Silva","",AUXILIARY_REFERENCE
INTERNAL_PERSON_ID,UINT16,1303,0,1,1,1,"","Édson Araújo",AUXILIARY_REFERENCE
INTERNAL_PERSON_ID,UINT32,1303,0,1,1,1,"","Édson Araújo",AUXILIARY_REFERENCE
INTERNAL_PERSON_ID,UINT16,1310,0,1,1,1,"","Édson Araújo",AUXILIARY_REFERENCE
INTERNAL_PERSON_ID,UINT16,1322,0,1,1,1,"","Édson Araújo",AUXILIARY_REFERENCE
INTERNAL_PERSON_ID,UINT32,1322,0,1,1,1,"","Édson Araújo",AUXILIARY_REFERENCE
INTERNAL_PERSON_ID,UINT16,-1333,1,0,1,1,"Reginaldo Araújo","",AUXILIARY_REFERENCE
INTERNAL_PERSON_ID,UINT32,-1333,1,0,1,1,"Reginaldo Araújo","",AUXILIARY_REFERENCE
INTERNAL_PERSON_ID,UINT16,-1346,0,1,1,1,"","Marcelo Magalhães",AUXILIARY_REFERENCE
INTERNAL_PERSON_ID,UINT32,-1346,0,1,1,1,"","Marcelo Magalhães",AUXILIARY_REFERENCE
PERSON_DATABASE_ID,UINT16,1349,0,1,1,1,"","Fábio Costa",AUXILIARY_REFERENCE
PERSON_DATABASE_ID,UINT32,1349,0,1,1,1,"","Fábio Costa",AUXILIARY_REFERENCE
INTERNAL_PERSON_ID,UINT16,1353,0,1,1,1,"","Rosinei",AUXILIARY_REFERENCE
INTERNAL_PERSON_ID,UINT32,1353,0,1,1,1,"","Rosinei",AUXILIARY_REFERENCE
INTERNAL_PERSON_ID,UINT16,1380,0,1,1,1,"","Édson Araújo",AUXILIARY_REFERENCE
INTERNAL_PERSON_ID,UINT16,-1386,0,1,1,1,"","Édson Araújo",AUXILIARY_REFERENCE
INTERNAL_PERSON_ID,UINT32,-1386,0,1,1,1,"","Édson Araújo",AUXILIARY_REFERENCE
INTERNAL_PERSON_ID,UINT16,1390,0,1,1,1,"","Édson Araújo",AUXILIARY_REFERENCE
INTERNAL_PERSON_ID,UINT16,1393,0,1,1,1,"","Rosinei",AUXILIARY_REFERENCE
INTERNAL_PERSON_ID,UINT32,1393,0,1,1,1,"","Rosinei",AUXILIARY_REFERENCE
PERSON_DATABASE_ID,UINT16,1403,1,0,1,1,"Bruno Santos","",AUXILIARY_REFERENCE
PERSON_DATABASE_ID,UINT32,1403,1,0,1,1,"Bruno Santos","",AUXILIARY_REFERENCE
INTERNAL_PERSON_ID,UINT16,1408,1,0,1,1,"Júlio César Moraes","",AUXILIARY_REFERENCE
INTERNAL_PERSON_ID,UINT32,1408,1,0,1,1,"Júlio César Moraes","",AUXILIARY_REFERENCE
INTERNAL_PERSON_ID,UINT16,1420,0,1,1,1,"","Édson Araújo",AUXILIARY_REFERENCE
INTERNAL_PERSON_ID,UINT16,-1448,0,1,1,1,"","Rosinei",AUXILIARY_REFERENCE
INTERNAL_PERSON_ID,UINT32,-1448,0,1,1,1,"","Rosinei",AUXILIARY_REFERENCE
INTERNAL_PERSON_ID,UINT16,-1455,0,1,1,1,"","Édson Araújo",AUXILIARY_REFERENCE
INTERNAL_PERSON_ID,UINT32,-1455,0,1,1,1,"","Édson Araújo",AUXILIARY_REFERENCE
INTERNAL_PERSON_ID,UINT16,1462,0,1,1,1,"","Édson Araújo",AUXILIARY_REFERENCE
INTERNAL_PERSON_ID,UINT16,1463,0,1,1,1,"","Marcelo Magalhães",AUXILIARY_REFERENCE
INTERNAL_PERSON_ID,UINT32,1463,0,1,1,1,"","Marcelo Magalhães",AUXILIARY_REFERENCE
INTERNAL_PERSON_ID,UINT16,-1488,0,1,1,1,"","Rosinei",AUXILIARY_REFERENCE
INTERNAL_PERSON_ID,UINT32,-1488,0,1,1,1,"","Rosinei",AUXILIARY_REFERENCE
INTERNAL_PERSON_ID,UINT16,1503,0,1,1,1,"","Marcelo Magalhães",AUXILIARY_REFERENCE
INTERNAL_PERSON_ID,UINT32,1503,0,1,1,1,"","Marcelo Magalhães",AUXILIARY_REFERENCE
INTERNAL_PERSON_ID,UINT16,1511,0,1,1,1,"","Fábio Costa",AUXILIARY_REFERENCE
INTERNAL_PERSON_ID,UINT32,1511,0,1,1,1,"","Fábio Costa",AUXILIARY_REFERENCE
INTERNAL_PERSON_ID,UINT16,1520,1,0,1,1,"Douglas Silva","",AUXILIARY_REFERENCE
INTERNAL_PERSON_ID,UINT32,1520,1,0,1,1,"Douglas Silva","",AUXILIARY_REFERENCE
INTERNAL_PERSON_ID,UINT16,-1526,1,0,1,1,"André Bahia","",AUXILIARY_REFERENCE
INTERNAL_PERSON_ID,UINT32,-1526,1,0,1,1,"André Bahia","",AUXILIARY_REFERENCE
PERSON_DATABASE_ID,UINT16,1544,0,1,1,1,"","Marcelo Magalhães",AUXILIARY_REFERENCE
PERSON_DATABASE_ID,UINT32,1544,0,1,1,1,"","Marcelo Magalhães",AUXILIARY_REFERENCE
INTERNAL_PERSON_ID,UINT16,1562,1,0,1,1,"Bruno Santos","",AUXILIARY_REFERENCE
INTERNAL_PERSON_ID,UINT32,1562,1,0,1,1,"Bruno Santos","",AUXILIARY_REFERENCE
PERSON_DATABASE_ID,UINT16,-1565,1,0,1,1,"Reginaldo Araújo","",AUXILIARY_REFERENCE
PERSON_DATABASE_ID,UINT32,-1565,1,0,1,1,"Reginaldo Araújo","",AUXILIARY_REFERENCE
INTERNAL_PERSON_ID,UINT16,-1569,0,1,1,1,"","Édson Araújo",AUXILIARY_REFERENCE
INTERNAL_PERSON_ID,UINT16,-1573,0,1,1,1,"","Marcelo Magalhães",AUXILIARY_REFERENCE
INTERNAL_PERSON_ID,UINT32,-1573,0,1,1,1,"","Marcelo Magalhães",AUXILIARY_REFERENCE
PERSON_DATABASE_ID,UINT16,1574,1,0,1,1,"Bruno Santos","",AUXILIARY_REFERENCE
PERSON_DATABASE_ID,UINT32,1574,1,0,1,1,"Bruno Santos","",AUXILIARY_REFERENCE
PERSON_DATABASE_ID,UINT16,-1574,0,1,1,1,"","Marcelo Magalhães",AUXILIARY_REFERENCE
PERSON_DATABASE_ID,UINT32,-1574,0,1,1,1,"","Marcelo Magalhães",AUXILIARY_REFERENCE
INTERNAL_PERSON_ID,UINT16,-1582,0,1,1,1,"","Édson Araújo",AUXILIARY_REFERENCE
PERSON_DATABASE_ID,UINT16,1584,0,1,1,1,"","Marcelo Magalhães",AUXILIARY_REFERENCE
PERSON_DATABASE_ID,UINT32,1584,0,1,1,1,"","Marcelo Magalhães",AUXILIARY_REFERENCE
INTERNAL_PERSON_ID,UINT16,-1591,0,1,1,1,"","Édson Araújo",AUXILIARY_REFERENCE
INTERNAL_PERSON_ID,UINT32,-1591,0,1,1,1,"","Édson Araújo",AUXILIARY_REFERENCE
INTERNAL_PERSON_ID,UINT16,-1595,0,1,1,1,"","Édson Araújo",AUXILIARY_REFERENCE
INTERNAL_PERSON_ID,UINT16,-1600,0,1,1,1,"","Édson Araújo",AUXILIARY_REFERENCE
INTERNAL_PERSON_ID,UINT32,-1600,0,1,1,1,"","Édson Araújo",AUXILIARY_REFERENCE
INTERNAL_PERSON_ID,UINT16,1604,0,1,1,1,"","Édson Araújo",AUXILIARY_REFERENCE
PERSON_DATABASE_ID,UINT16,-1606,0,1,1,1,"","Rosinei",AUXILIARY_REFERENCE
PERSON_DATABASE_ID,UINT32,-1606,0,1,1,1,"","Rosinei",AUXILIARY_REFERENCE
INTERNAL_PERSON_ID,UINT16,-1612,0,1,1,1,"","Édson Araújo",AUXILIARY_REFERENCE
INTERNAL_PERSON_ID,UINT32,-1612,0,1,1,1,"","Édson Araújo",AUXILIARY_REFERENCE
INTERNAL_PERSON_ID,UINT16,-1628,1,0,1,1,"André Bahia","",AUXILIARY_REFERENCE
INTERNAL_PERSON_ID,UINT32,-1628,1,0,1,1,"André Bahia","",AUXILIARY_REFERENCE
INTERNAL_PERSON_ID,UINT16,-1646,0,1,1,1,"","Édson Araújo",AUXILIARY_REFERENCE
INTERNAL_PERSON_ID,UINT32,-1646,0,1,1,1,"","Édson Araújo",AUXILIARY_REFERENCE
PERSON_DATABASE_ID,UINT16,-1646,0,1,1,1,"","Rosinei",AUXILIARY_REFERENCE
PERSON_DATABASE_ID,UINT32,-1646,0,1,1,1,"","Rosinei",AUXILIARY_REFERENCE
INTERNAL_PERSON_ID,UINT16,-1686,0,1,1,1,"","Édson Araújo",AUXILIARY_REFERENCE
PERSON_DATABASE_ID,UINT16,-1689,1,0,1,1,"André Bahia","",AUXILIARY_REFERENCE
PERSON_DATABASE_ID,UINT32,-1689,1,0,1,1,"André Bahia","",AUXILIARY_REFERENCE
INTERNAL_PERSON_ID,UINT16,1697,0,1,1,1,"","Édson Araújo",AUXILIARY_REFERENCE
INTERNAL_PERSON_ID,UINT32,1697,0,1,1,1,"","Édson Araújo",AUXILIARY_REFERENCE
INTERNAL_PERSON_ID,UINT16,1733,1,0,1,1,"Bruno Santos","",AUXILIARY_REFERENCE
INTERNAL_PERSON_ID,UINT32,1733,1,0,1,1,"Bruno Santos","",AUXILIARY_REFERENCE
INTERNAL_PERSON_ID,UINT16,-1744,0,1,1,1,"","Marcelo Magalhães",AUXILIARY_REFERENCE
INTERNAL_PERSON_ID,UINT32,-1744,0,1,1,1,"","Marcelo Magalhães",AUXILIARY_REFERENCE
INTERNAL_PERSON_ID,UINT16,1747,0,1,1,1,"","Édson Araújo",AUXILIARY_REFERENCE
INTERNAL_PERSON_ID,UINT16,1751,0,1,1,1,"","Édson Araújo",AUXILIARY_REFERENCE
INTERNAL_PERSON_ID,UINT32,1751,0,1,1,1,"","Édson Araújo",AUXILIARY_REFERENCE
INTERNAL_PERSON_ID,UINT16,-1755,0,1,1,1,"","Édson Araújo",AUXILIARY_REFERENCE
INTERNAL_PERSON_ID,UINT16,-1757,0,1,1,1,"","Rosinei",AUXILIARY_REFERENCE
INTERNAL_PERSON_ID,UINT32,-1757,0,1,1,1,"","Rosinei",AUXILIARY_REFERENCE
INTERNAL_PERSON_ID,UINT16,1772,0,1,1,1,"","Marcelo Magalhães",AUXILIARY_REFERENCE
INTERNAL_PERSON_ID,UINT32,1772,0,1,1,1,"","Marcelo Magalhães",AUXILIARY_REFERENCE
INTERNAL_PERSON_ID,UINT16,-1790,0,1,1,1,"","Édson Araújo",AUXILIARY_REFERENCE
PERSON_DATABASE_ID,UINT16,-1791,1,0,1,1,"André Bahia","",AUXILIARY_REFERENCE
PERSON_DATABASE_ID,UINT32,-1791,1,0,1,1,"André Bahia","",AUXILIARY_REFERENCE
PERSON_DATABASE_ID,UINT16,-1801,0,1,1,1,"","Marcelo Magalhães",AUXILIARY_REFERENCE
PERSON_DATABASE_ID,UINT32,-1801,0,1,1,1,"","Marcelo Magalhães",AUXILIARY_REFERENCE
INTERNAL_PERSON_ID,UINT16,1812,0,1,1,1,"","Marcelo Magalhães",AUXILIARY_REFERENCE
INTERNAL_PERSON_ID,UINT32,1812,0,1,1,1,"","Marcelo Magalhães",AUXILIARY_REFERENCE
PERSON_DATABASE_ID,UINT16,-1813,0,1,1,1,"","Édson Araújo",AUXILIARY_REFERENCE
PERSON_DATABASE_ID,UINT32,-1813,0,1,1,1,"","Édson Araújo",AUXILIARY_REFERENCE
INTERNAL_PERSON_ID,UINT16,1829,0,1,1,1,"","Édson Araújo",AUXILIARY_REFERENCE
INTERNAL_PERSON_ID,UINT16,-1832,0,1,1,1,"","Édson Araújo",AUXILIARY_REFERENCE
INTERNAL_PERSON_ID,UINT32,-1832,0,1,1,1,"","Édson Araújo",AUXILIARY_REFERENCE
INTERNAL_PERSON_ID,UINT16,-1835,0,1,1,1,"","Dinélson",AUXILIARY_REFERENCE
INTERNAL_PERSON_ID,UINT32,-1835,0,1,1,1,"","Dinélson",AUXILIARY_REFERENCE
INTERNAL_PERSON_ID,UINT16,-1843,0,1,1,1,"","Dinélson",AUXILIARY_REFERENCE
INTERNAL_PERSON_ID,UINT32,-1843,0,1,1,1,"","Dinélson",AUXILIARY_REFERENCE
INTERNAL_PERSON_ID,UINT16,-1851,0,1,1,1,"","Rosinei",AUXILIARY_REFERENCE
INTERNAL_PERSON_ID,UINT32,-1851,0,1,1,1,"","Rosinei",AUXILIARY_REFERENCE
INTERNAL_PERSON_ID,UINT16,-1872,0,1,1,1,"","Édson Araújo",AUXILIARY_REFERENCE
PERSON_DATABASE_ID,UINT16,1890,1,0,1,1,"Bruno Santos","",AUXILIARY_REFERENCE
PERSON_DATABASE_ID,UINT32,1890,1,0,1,1,"Bruno Santos","",AUXILIARY_REFERENCE
INTERNAL_PERSON_ID,UINT16,-1891,0,1,1,1,"","Dinélson",AUXILIARY_REFERENCE
INTERNAL_PERSON_ID,UINT32,-1891,0,1,1,1,"","Dinélson",AUXILIARY_REFERENCE
PERSON_DATABASE_ID,UINT16,-1915,0,1,1,1,"","Rosinei",AUXILIARY_REFERENCE
PERSON_DATABASE_ID,UINT32,-1915,0,1,1,1,"","Rosinei",AUXILIARY_REFERENCE
INTERNAL_PERSON_ID,UINT16,-1926,0,1,1,1,"","Édson Araújo",AUXILIARY_REFERENCE
PERSON_DATABASE_ID,UINT16,1930,1,0,1,1,"Bruno Santos","",AUXILIARY_REFERENCE
PERSON_DATABASE_ID,UINT32,1930,1,0,1,1,"Bruno Santos","",AUXILIARY_REFERENCE
INTERNAL_PERSON_ID,UINT16,1939,0,1,1,1,"","Édson Araújo",AUXILIARY_REFERENCE
INTERNAL_PERSON_ID,UINT16,-1948,0,1,1,1,"","Édson Araújo",AUXILIARY_REFERENCE
INTERNAL_PERSON_ID,UINT32,-1948,0,1,1,1,"","Édson Araújo",AUXILIARY_REFERENCE
INTERNAL_PERSON_ID,UINT16,-1956,0,1,1,1,"","Édson Araújo",AUXILIARY_REFERENCE
INTERNAL_PERSON_ID,UINT32,-1956,0,1,1,1,"","Édson Araújo",AUXILIARY_REFERENCE
INTERNAL_PERSON_ID,UINT16,-1970,0,1,1,1,"","Édson Araújo",AUXILIARY_REFERENCE
PERSON_DATABASE_ID,UINT16,-1972,0,1,1,1,"","Marcelo Magalhães",AUXILIARY_REFERENCE
PERSON_DATABASE_ID,UINT32,-1972,0,1,1,1,"","Marcelo Magalhães",AUXILIARY_REFERENCE
INTERNAL_PERSON_ID,UINT16,1986,0,1,1,1,"","Édson Araújo",AUXILIARY_REFERENCE
INTERNAL_PERSON_ID,UINT16,-2004,0,1,1,1,"","Édson Araújo",AUXILIARY_REFERENCE
INTERNAL_PERSON_ID,UINT32,-2004,0,1,1,1,"","Édson Araújo",AUXILIARY_REFERENCE
INTERNAL_PERSON_ID,UINT16,-2006,0,1,1,1,"","Fábio Baiano",AUXILIARY_REFERENCE
PERSON_DATABASE_ID,UINT16,-2009,0,1,1,1,"","Rosinei",AUXILIARY_REFERENCE
PERSON_DATABASE_ID,UINT32,-2009,0,1,1,1,"","Rosinei",AUXILIARY_REFERENCE
PERSON_DATABASE_ID,UINT16,-2010,0,1,1,1,"","Dinélson",AUXILIARY_REFERENCE
PERSON_DATABASE_ID,UINT32,-2010,0,1,1,1,"","Dinélson",AUXILIARY_REFERENCE
INTERNAL_PERSON_ID,UINT16,-2017,0,1,1,1,"","Édson Araújo",AUXILIARY_REFERENCE
PERSON_DATABASE_ID,UINT16,-2018,0,1,1,1,"","Dinélson",AUXILIARY_REFERENCE
PERSON_DATABASE_ID,UINT32,-2018,0,1,1,1,"","Dinélson",AUXILIARY_REFERENCE
INTERNAL_PERSON_ID,UINT16,2049,1,0,1,1,"Bruno Santos","",AUXILIARY_REFERENCE
INTERNAL_PERSON_ID,UINT32,2049,1,0,1,1,"Bruno Santos","",AUXILIARY_REFERENCE
PERSON_DATABASE_ID,UINT16,-2066,0,1,1,1,"","Dinélson",AUXILIARY_REFERENCE
PERSON_DATABASE_ID,UINT32,-2066,0,1,1,1,"","Dinélson",AUXILIARY_REFERENCE
INTERNAL_PERSON_ID,UINT16,2084,0,1,1,1,"","Édson Araújo",AUXILIARY_REFERENCE
INTERNAL_PERSON_ID,UINT32,2084,0,1,1,1,"","Édson Araújo",AUXILIARY_REFERENCE
INTERNAL_PERSON_ID,UINT16,2089,1,0,1,1,"Bruno Santos","",AUXILIARY_REFERENCE
INTERNAL_PERSON_ID,UINT32,2089,1,0,1,1,"Bruno Santos","",AUXILIARY_REFERENCE
INTERNAL_PERSON_ID,UINT16,-2120,0,1,1,1,"","Rosinei",AUXILIARY_REFERENCE
INTERNAL_PERSON_ID,UINT32,-2120,0,1,1,1,"","Rosinei",AUXILIARY_REFERENCE
INTERNAL_PERSON_ID,UINT16,-2127,0,1,1,1,"","Édson Araújo",AUXILIARY_REFERENCE
INTERNAL_PERSON_ID,UINT16,-2166,1,0,1,1,"Douglas Silva","",AUXILIARY_REFERENCE
INTERNAL_PERSON_ID,UINT16,-2178,0,1,1,1,"","Alessandro",AUXILIARY_REFERENCE
PERSON_DATABASE_ID,UINT16,2194,0,1,1,1,"","Marcelo Magalhães",AUXILIARY_REFERENCE
PERSON_DATABASE_ID,UINT32,2194,0,1,1,1,"","Marcelo Magalhães",AUXILIARY_REFERENCE
INTERNAL_PERSON_ID,UINT16,-2214,0,1,1,1,"","Rosinei",AUXILIARY_REFERENCE
INTERNAL_PERSON_ID,UINT32,-2214,0,1,1,1,"","Rosinei",AUXILIARY_REFERENCE
INTERNAL_PERSON_ID,UINT16,-2237,0,1,1,1,"","Rosinei",AUXILIARY_REFERENCE
INTERNAL_PERSON_ID,UINT32,-2237,0,1,1,1,"","Rosinei",AUXILIARY_REFERENCE
INTERNAL_PERSON_ID,UINT16,2240,0,1,1,1,"","Édson Araújo",AUXILIARY_REFERENCE
INTERNAL_PERSON_ID,UINT32,2240,0,1,1,1,"","Édson Araújo",AUXILIARY_REFERENCE
PERSON_DATABASE_ID,UINT16,-2278,0,1,1,1,"","Rosinei",AUXILIARY_REFERENCE
PERSON_DATABASE_ID,UINT32,-2278,0,1,1,1,"","Rosinei",AUXILIARY_REFERENCE
PERSON_DATABASE_ID,UINT16,2280,0,1,1,1,"","Marcelo Magalhães",AUXILIARY_REFERENCE
PERSON_DATABASE_ID,UINT32,2280,0,1,1,1,"","Marcelo Magalhães",AUXILIARY_REFERENCE
INTERNAL_PERSON_ID,UINT16,-2286,0,1,1,1,"","Édson Araújo",AUXILIARY_REFERENCE
INTERNAL_PERSON_ID,UINT16,-2287,0,1,1,1,"","Édson Araújo",AUXILIARY_REFERENCE
INTERNAL_PERSON_ID,UINT16,-2337,0,1,1,1,"","Luciano Ratinho",AUXILIARY_REFERENCE
INTERNAL_PERSON_ID,UINT16,-2339,0,1,1,1,"","Luciano Ratinho",AUXILIARY_REFERENCE
INTERNAL_PERSON_ID,UINT16,2358,0,1,1,1,"","Édson Araújo",AUXILIARY_REFERENCE
INTERNAL_PERSON_ID,UINT32,2358,0,1,1,1,"","Édson Araújo",AUXILIARY_REFERENCE
INTERNAL_PERSON_ID,UINT16,2364,0,1,1,1,"","Édson Araújo",AUXILIARY_REFERENCE
PERSON_DATABASE_ID,UINT16,-2372,0,1,1,1,"","Rosinei",AUXILIARY_REFERENCE
PERSON_DATABASE_ID,UINT32,-2372,0,1,1,1,"","Rosinei",AUXILIARY_REFERENCE
PERSON_DATABASE_ID,UINT16,-2395,0,1,1,1,"","Rosinei",AUXILIARY_REFERENCE
PERSON_DATABASE_ID,UINT32,-2395,0,1,1,1,"","Rosinei",AUXILIARY_REFERENCE
PERSON_DATABASE_ID,UINT16,-2414,0,1,1,1,"","Alessandro",AUXILIARY_REFERENCE
INTERNAL_PERSON_ID,UINT16,2422,0,1,1,1,"","Marcelo Magalhães",AUXILIARY_REFERENCE
INTERNAL_PERSON_ID,UINT32,2422,0,1,1,1,"","Marcelo Magalhães",AUXILIARY_REFERENCE
INTERNAL_PERSON_ID,UINT16,-2429,0,1,1,1,"","Édson Araújo",AUXILIARY_REFERENCE
PERSON_DATABASE_ID,UINT16,2429,0,1,1,1,"","Luciano Ratinho",AUXILIARY_REFERENCE
PERSON_DATABASE_ID,UINT32,2429,0,1,1,1,"","Luciano Ratinho",AUXILIARY_REFERENCE
PERSON_DATABASE_ID,UINT16,2434,0,1,1,1,"","Dinélson",AUXILIARY_REFERENCE
PERSON_DATABASE_ID,UINT32,2434,0,1,1,1,"","Dinélson",AUXILIARY_REFERENCE
INTERNAL_PERSON_ID,UINT16,-2483,0,1,1,1,"","Rosinei",AUXILIARY_REFERENCE
INTERNAL_PERSON_ID,UINT32,-2483,0,1,1,1,"","Rosinei",AUXILIARY_REFERENCE
PERSON_DATABASE_ID,UINT16,2484,0,1,1,1,"","Marcelo Magalhães",AUXILIARY_REFERENCE
PERSON_DATABASE_ID,UINT32,2484,0,1,1,1,"","Marcelo Magalhães",AUXILIARY_REFERENCE
INTERNAL_PERSON_ID,UINT16,2489,0,1,1,1,"","Édson Araújo",AUXILIARY_REFERENCE
INTERNAL_PERSON_ID,UINT32,2489,0,1,1,1,"","Édson Araújo",AUXILIARY_REFERENCE
INTERNAL_PERSON_ID,UINT32,2496,0,1,1,1,"","Édson Araújo",AUXILIARY_REFERENCE
INTERNAL_PERSON_ID,UINT16,2508,0,1,1,1,"","Marcelo Magalhães",AUXILIARY_REFERENCE
INTERNAL_PERSON_ID,UINT32,2508,0,1,1,1,"","Marcelo Magalhães",AUXILIARY_REFERENCE
INTERNAL_PERSON_ID,UINT16,-2515,0,1,1,1,"","Édson Araújo",AUXILIARY_REFERENCE
INTERNAL_PERSON_ID,UINT32,-2515,0,1,1,1,"","Édson Araújo",AUXILIARY_REFERENCE
INTERNAL_PERSON_ID,UINT16,-2523,0,1,1,1,"","Rosinei",AUXILIARY_REFERENCE
INTERNAL_PERSON_ID,UINT32,-2523,0,1,1,1,"","Rosinei",AUXILIARY_REFERENCE
INTERNAL_PERSON_ID,UINT16,2529,0,1,1,1,"","Édson Araújo",AUXILIARY_REFERENCE
INTERNAL_PERSON_ID,UINT32,2529,0,1,1,1,"","Édson Araújo",AUXILIARY_REFERENCE
INTERNAL_PERSON_ID,UINT16,2535,0,1,1,1,"","Édson Araújo",AUXILIARY_REFERENCE
INTERNAL_PERSON_ID,UINT32,2535,0,1,1,1,"","Édson Araújo",AUXILIARY_REFERENCE
PERSON_DATABASE_ID,UINT16,-2562,0,1,1,1,"","Luciano Ratinho",AUXILIARY_REFERENCE
PERSON_DATABASE_ID,UINT16,-2564,0,1,1,1,"","Luciano Ratinho",AUXILIARY_REFERENCE
INTERNAL_PERSON_ID,UINT16,2575,0,1,1,1,"","Édson Araújo",AUXILIARY_REFERENCE
INTERNAL_PERSON_ID,UINT32,2575,0,1,1,1,"","Édson Araújo",AUXILIARY_REFERENCE
INTERNAL_PERSON_ID,UINT16,2586,0,1,1,1,"","Édson Araújo",AUXILIARY_REFERENCE
INTERNAL_PERSON_ID,UINT32,2586,0,1,1,1,"","Édson Araújo",AUXILIARY_REFERENCE
INTERNAL_PERSON_ID,UINT16,-2602,1,0,1,1,"Douglas Silva","",AUXILIARY_REFERENCE
PERSON_DATABASE_ID,UINT16,2603,0,1,1,1,"","Marcelo Magalhães",AUXILIARY_REFERENCE
PERSON_DATABASE_ID,UINT32,2603,0,1,1,1,"","Marcelo Magalhães",AUXILIARY_REFERENCE
INTERNAL_PERSON_ID,UINT16,2609,0,1,1,1,"","Dinélson",AUXILIARY_REFERENCE
INTERNAL_PERSON_ID,UINT32,2609,0,1,1,1,"","Dinélson",AUXILIARY_REFERENCE
INTERNAL_PERSON_ID,UINT16,-2611,0,1,1,1,"","Édson Araújo",AUXILIARY_REFERENCE
PERSON_DATABASE_ID,UINT16,2625,0,1,1,1,"","Marcelo Magalhães",AUXILIARY_REFERENCE
INTERNAL_PERSON_ID,UINT16,2626,0,1,1,1,"","Édson Araújo",AUXILIARY_REFERENCE
INTERNAL_PERSON_ID,UINT32,2626,0,1,1,1,"","Édson Araújo",AUXILIARY_REFERENCE
PERSON_DATABASE_ID,UINT16,2627,0,1,1,1,"","Marcelo Magalhães",AUXILIARY_REFERENCE
PERSON_DATABASE_ID,UINT32,2627,0,1,1,1,"","Marcelo Magalhães",AUXILIARY_REFERENCE
INTERNAL_PERSON_ID,UINT16,2632,0,1,1,1,"","Édson Araújo",AUXILIARY_REFERENCE
INTERNAL_PERSON_ID,UINT16,-2639,1,0,1,1,"Júnior Baiano","",AUXILIARY_REFERENCE
INTERNAL_PERSON_ID,UINT32,-2639,1,0,1,1,"Júnior Baiano","",AUXILIARY_REFERENCE
PERSON_DATABASE_ID,UINT16,-2641,0,1,1,1,"","Rosinei",AUXILIARY_REFERENCE
PERSON_DATABASE_ID,UINT32,-2641,0,1,1,1,"","Rosinei",AUXILIARY_REFERENCE
INTERNAL_PERSON_ID,UINT16,2654,0,1,1,1,"","Luciano Ratinho",AUXILIARY_REFERENCE
INTERNAL_PERSON_ID,UINT32,2654,0,1,1,1,"","Luciano Ratinho",AUXILIARY_REFERENCE
INTERNAL_PERSON_ID,UINT16,-2673,0,1,1,1,"","Édson Araújo",AUXILIARY_REFERENCE
PERSON_DATABASE_ID,UINT16,2673,0,1,1,1,"","Alessandro",AUXILIARY_REFERENCE
PERSON_DATABASE_ID,UINT16,-2681,0,1,1,1,"","Rosinei",AUXILIARY_REFERENCE
PERSON_DATABASE_ID,UINT32,-2681,0,1,1,1,"","Rosinei",AUXILIARY_REFERENCE
INTERNAL_PERSON_ID,UINT16,-2712,1,0,1,1,"Douglas Silva","",AUXILIARY_REFERENCE
INTERNAL_PERSON_ID,UINT16,2712,0,1,1,1,"","Marcelo Magalhães",AUXILIARY_REFERENCE
INTERNAL_PERSON_ID,UINT32,2712,0,1,1,1,"","Marcelo Magalhães",AUXILIARY_REFERENCE
INTERNAL_PERSON_ID,UINT16,-2717,0,1,1,1,"","Édson Araújo",AUXILIARY_REFERENCE
INTERNAL_PERSON_ID,UINT32,-2717,0,1,1,1,"","Édson Araújo",AUXILIARY_REFERENCE
INTERNAL_PERSON_ID,UINT16,2742,0,1,1,1,"","Édson Araújo",AUXILIARY_REFERENCE
PERSON_DATABASE_ID,UINT16,2757,1,0,1,1,"Andrezinho","",AUXILIARY_REFERENCE
PERSON_DATABASE_ID,UINT32,2757,1,0,1,1,"Andrezinho","",AUXILIARY_REFERENCE
INTERNAL_PERSON_ID,UINT16,-2765,0,1,1,1,"","Édson Araújo",AUXILIARY_REFERENCE
INTERNAL_PERSON_ID,UINT16,-2784,0,1,1,1,"","Édson Araújo",AUXILIARY_REFERENCE
INTERNAL_PERSON_ID,UINT16,-2787,1,0,1,1,"Júnior Baiano","",AUXILIARY_REFERENCE
INTERNAL_PERSON_ID,UINT32,-2787,1,0,1,1,"Júnior Baiano","",AUXILIARY_REFERENCE
INTERNAL_PERSON_ID,UINT16,2789,0,1,1,1,"","Édson Araújo",AUXILIARY_REFERENCE
INTERNAL_PERSON_ID,UINT16,-2791,0,1,1,1,"","Édson Araújo",AUXILIARY_REFERENCE
INTERNAL_PERSON_ID,UINT16,-2792,0,1,1,1,"","Rosinei",AUXILIARY_REFERENCE
INTERNAL_PERSON_ID,UINT32,-2792,0,1,1,1,"","Rosinei",AUXILIARY_REFERENCE
INTERNAL_PERSON_ID,UINT16,2804,0,1,1,1,"","Édson Araújo",AUXILIARY_REFERENCE
INTERNAL_PERSON_ID,UINT16,2831,0,1,1,1,"","Marcelo Magalhães",AUXILIARY_REFERENCE
INTERNAL_PERSON_ID,UINT32,2831,0,1,1,1,"","Marcelo Magalhães",AUXILIARY_REFERENCE
INTERNAL_PERSON_ID,UINT16,-2832,0,1,1,1,"","Rosinei",AUXILIARY_REFERENCE
INTERNAL_PERSON_ID,UINT32,-2832,0,1,1,1,"","Rosinei",AUXILIARY_REFERENCE
INTERNAL_PERSON_ID,UINT16,-2845,0,1,1,1,"","Édson Araújo",AUXILIARY_REFERENCE
INTERNAL_PERSON_ID,UINT16,-2847,1,0,1,1,"Douglas Silva","",AUXILIARY_REFERENCE
PERSON_DATABASE_ID,UINT16,-2853,1,0,1,1,"Júnior Baiano","",AUXILIARY_REFERENCE
PERSON_DATABASE_ID,UINT32,-2853,1,0,1,1,"Júnior Baiano","",AUXILIARY_REFERENCE
INTERNAL_PERSON_ID,UINT16,2853,0,1,1,1,"","Marcelo Magalhães",AUXILIARY_REFERENCE
INTERNAL_PERSON_ID,UINT16,2855,0,1,1,1,"","Marcelo Magalhães",AUXILIARY_REFERENCE
INTERNAL_PERSON_ID,UINT32,2855,0,1,1,1,"","Marcelo Magalhães",AUXILIARY_REFERENCE
INTERNAL_PERSON_ID,UINT16,-2894,0,1,1,1,"","Édson Araújo",AUXILIARY_REFERENCE
INTERNAL_PERSON_ID,UINT16,2909,0,1,1,1,"","Alessandro",AUXILIARY_REFERENCE
INTERNAL_PERSON_ID,UINT16,2924,1,0,1,1,"Andrezinho","",AUXILIARY_REFERENCE
INTERNAL_PERSON_ID,UINT32,2924,1,0,1,1,"Andrezinho","",AUXILIARY_REFERENCE
INTERNAL_PERSON_ID,UINT16,-2932,1,0,1,1,"Douglas Silva","",AUXILIARY_REFERENCE
INTERNAL_PERSON_ID,UINT16,2933,0,1,1,1,"","Édson Araújo",AUXILIARY_REFERENCE
INTERNAL_PERSON_ID,UINT32,2933,0,1,1,1,"","Édson Araújo",AUXILIARY_REFERENCE
INTERNAL_PERSON_ID,UINT16,-2936,0,1,1,1,"","Édson Araújo",AUXILIARY_REFERENCE
PERSON_DATABASE_ID,UINT16,2942,0,1,1,1,"","Alessandro",AUXILIARY_REFERENCE
PERSON_DATABASE_ID,UINT16,2944,0,1,1,1,"","Alessandro",AUXILIARY_REFERENCE
PERSON_DATABASE_ID,UINT16,-2950,0,1,1,1,"","Rosinei",AUXILIARY_REFERENCE
PERSON_DATABASE_ID,UINT32,-2950,0,1,1,1,"","Rosinei",AUXILIARY_REFERENCE
PERSON_DATABASE_ID,UINT16,2966,1,0,1,1,"Fabiano Eller","",AUXILIARY_REFERENCE
PERSON_DATABASE_ID,UINT32,2966,1,0,1,1,"Fabiano Eller","",AUXILIARY_REFERENCE
PERSON_DATABASE_ID,UINT16,-2990,0,1,1,1,"","Rosinei",AUXILIARY_REFERENCE
PERSON_DATABASE_ID,UINT32,-2990,0,1,1,1,"","Rosinei",AUXILIARY_REFERENCE
PERSON_DATABASE_ID,UINT16,-3001,1,0,1,1,"Júnior Baiano","",AUXILIARY_REFERENCE
PERSON_DATABASE_ID,UINT32,-3001,1,0,1,1,"Júnior Baiano","",AUXILIARY_REFERENCE
INTERNAL_PERSON_ID,UINT16,-3019,0,1,1,1,"","Édson Araújo",AUXILIARY_REFERENCE
PERSON_DATABASE_ID,UINT16,3023,1,0,1,1,"Andrezinho","",AUXILIARY_REFERENCE
PERSON_DATABASE_ID,UINT32,3023,1,0,1,1,"Andrezinho","",AUXILIARY_REFERENCE
INTERNAL_PERSON_ID,UINT16,-3042,1,0,1,1,"Douglas Silva","",AUXILIARY_REFERENCE
INTERNAL_PERSON_ID,UINT16,-3057,0,1,1,1,"","Édson Araújo",AUXILIARY_REFERENCE
INTERNAL_PERSON_ID,UINT16,3060,0,1,1,1,"","Édson Araújo",AUXILIARY_REFERENCE
INTERNAL_PERSON_ID,UINT32,3060,0,1,1,1,"","Édson Araújo",AUXILIARY_REFERENCE
INTERNAL_PERSON_ID,UINT16,-3063,0,1,1,1,"","Édson Araújo",AUXILIARY_REFERENCE
INTERNAL_PERSON_ID,UINT16,-3068,0,1,1,1,"","Édson Araújo",AUXILIARY_REFERENCE
INTERNAL_PERSON_ID,UINT16,-3114,0,1,1,1,"","Édson Araújo",AUXILIARY_REFERENCE
INTERNAL_PERSON_ID,UINT16,3117,0,1,1,1,"","Édson Araújo",AUXILIARY_REFERENCE
INTERNAL_PERSON_ID,UINT16,-3117,0,1,1,1,"","Rosinei",AUXILIARY_REFERENCE
INTERNAL_PERSON_ID,UINT32,-3117,0,1,1,1,"","Rosinei",AUXILIARY_REFERENCE
INTERNAL_PERSON_ID,UINT32,-3122,0,1,1,1,"","Édson Araújo",AUXILIARY_REFERENCE
INTERNAL_PERSON_ID,UINT16,3140,1,0,1,1,"Fabiano Eller","",AUXILIARY_REFERENCE
INTERNAL_PERSON_ID,UINT32,3140,1,0,1,1,"Fabiano Eller","",AUXILIARY_REFERENCE
INTERNAL_PERSON_ID,UINT16,-3152,1,0,1,1,"Douglas Silva","",AUXILIARY_REFERENCE
INTERNAL_PERSON_ID,UINT16,-3157,0,1,1,1,"","Rosinei",AUXILIARY_REFERENCE
INTERNAL_PERSON_ID,UINT32,-3157,0,1,1,1,"","Rosinei",AUXILIARY_REFERENCE
PERSON_DATABASE_ID,UINT16,3171,0,1,1,1,"","Luciano Ratinho",AUXILIARY_REFERENCE
PERSON_DATABASE_ID,UINT32,3171,0,1,1,1,"","Luciano Ratinho",AUXILIARY_REFERENCE
INTERNAL_PERSON_ID,UINT16,3178,0,1,1,1,"","Alessandro",AUXILIARY_REFERENCE
INTERNAL_PERSON_ID,UINT16,3180,0,1,1,1,"","Alessandro",AUXILIARY_REFERENCE
INTERNAL_PERSON_ID,UINT16,3190,1,0,1,1,"Andrezinho","",AUXILIARY_REFERENCE
INTERNAL_PERSON_ID,UINT32,3190,1,0,1,1,"Andrezinho","",AUXILIARY_REFERENCE
INTERNAL_PERSON_ID,UINT16,-3210,0,1,1,1,"","Édson Araújo",AUXILIARY_REFERENCE
INTERNAL_PERSON_ID,UINT32,-3210,0,1,1,1,"","Édson Araújo",AUXILIARY_REFERENCE
INTERNAL_PERSON_ID,UINT16,-3224,0,1,1,1,"","Édson Araújo",AUXILIARY_REFERENCE
INTERNAL_PERSON_ID,UINT16,-3262,1,0,1,1,"Douglas Silva","",AUXILIARY_REFERENCE
INTERNAL_PERSON_ID,UINT16,-3271,0,1,1,1,"","Édson Araújo",AUXILIARY_REFERENCE
INTERNAL_PERSON_ID,UINT32,-3271,0,1,1,1,"","Édson Araújo",AUXILIARY_REFERENCE
PERSON_DATABASE_ID,UINT16,-3275,0,1,1,1,"","Rosinei",AUXILIARY_REFERENCE
PERSON_DATABASE_ID,UINT32,-3275,0,1,1,1,"","Rosinei",AUXILIARY_REFERENCE
INTERNAL_PERSON_ID,UINT16,-3280,1,0,1,1,"Reginaldo Araújo","",AUXILIARY_REFERENCE
PERSON_DATABASE_ID,UINT16,-3315,0,1,1,1,"","Rosinei",AUXILIARY_REFERENCE
PERSON_DATABASE_ID,UINT32,-3315,0,1,1,1,"","Rosinei",AUXILIARY_REFERENCE
INTERNAL_PERSON_ID,UINT16,-3339,0,1,1,1,"","Édson Araújo",AUXILIARY_REFERENCE
INTERNAL_PERSON_ID,UINT16,3353,0,1,1,1,"","Édson Araújo",AUXILIARY_REFERENCE
INTERNAL_PERSON_ID,UINT16,3375,0,1,1,1,"","Édson Araújo",AUXILIARY_REFERENCE
INTERNAL_PERSON_ID,UINT16,3382,0,1,1,1,"","Édson Araújo",AUXILIARY_REFERENCE
INTERNAL_PERSON_ID,UINT32,3382,0,1,1,1,"","Édson Araújo",AUXILIARY_REFERENCE
INTERNAL_PERSON_ID,UINT16,3393,0,1,1,1,"","Édson Araújo",AUXILIARY_REFERENCE
INTERNAL_PERSON_ID,UINT16,3396,0,1,1,1,"","Luciano Ratinho",AUXILIARY_REFERENCE
INTERNAL_PERSON_ID,UINT32,3396,0,1,1,1,"","Luciano Ratinho",AUXILIARY_REFERENCE
INTERNAL_PERSON_ID,UINT16,3439,0,1,1,1,"","Édson Araújo",AUXILIARY_REFERENCE
INTERNAL_PERSON_ID,UINT32,3439,0,1,1,1,"","Édson Araújo",AUXILIARY_REFERENCE
INTERNAL_PERSON_ID,UINT16,-3485,0,1,1,1,"","Édson Araújo",AUXILIARY_REFERENCE
INTERNAL_PERSON_ID,UINT16,-3502,0,1,1,1,"","Édson Araújo",AUXILIARY_REFERENCE
INTERNAL_PERSON_ID,UINT32,-3502,0,1,1,1,"","Édson Araújo",AUXILIARY_REFERENCE
PERSON_DATABASE_ID,UINT16,-3512,1,0,1,1,"Reginaldo Araújo","",AUXILIARY_REFERENCE
INTERNAL_PERSON_ID,UINT16,-3537,1,0,1,1,"André Bahia","",AUXILIARY_REFERENCE
INTERNAL_PERSON_ID,UINT32,-3537,1,0,1,1,"André Bahia","",AUXILIARY_REFERENCE
INTERNAL_PERSON_ID,UINT16,3539,0,1,1,1,"","Édson Araújo",AUXILIARY_REFERENCE
INTERNAL_PERSON_ID,UINT16,-3557,0,1,1,1,"","Édson Araújo",AUXILIARY_REFERENCE
INTERNAL_PERSON_ID,UINT32,-3557,0,1,1,1,"","Édson Araújo",AUXILIARY_REFERENCE
INTERNAL_PERSON_ID,UINT16,-3577,1,0,1,1,"André Bahia","",AUXILIARY_REFERENCE
INTERNAL_PERSON_ID,UINT32,-3577,1,0,1,1,"André Bahia","",AUXILIARY_REFERENCE
INTERNAL_PERSON_ID,UINT16,3579,0,1,1,1,"","Édson Araújo",AUXILIARY_REFERENCE
INTERNAL_PERSON_ID,UINT16,3583,0,1,1,1,"","Édson Araújo",AUXILIARY_REFERENCE
INTERNAL_PERSON_ID,UINT32,3583,0,1,1,1,"","Édson Araújo",AUXILIARY_REFERENCE
PERSON_DATABASE_ID,UINT16,3642,1,0,1,1,"Andrezinho","",AUXILIARY_REFERENCE
PERSON_DATABASE_ID,UINT32,3642,1,0,1,1,"Andrezinho","",AUXILIARY_REFERENCE
INTERNAL_PERSON_ID,UINT16,-3665,0,1,1,1,"","Édson Araújo",AUXILIARY_REFERENCE
INTERNAL_PERSON_ID,UINT32,-3665,0,1,1,1,"","Édson Araújo",AUXILIARY_REFERENCE
INTERNAL_PERSON_ID,UINT16,-3671,0,1,1,1,"","Édson Araújo",AUXILIARY_REFERENCE
INTERNAL_PERSON_ID,UINT16,-3679,0,1,1,1,"","Édson Araújo",AUXILIARY_REFERENCE
PERSON_DATABASE_ID,UINT16,-3700,1,0,1,1,"André Bahia","",AUXILIARY_REFERENCE
PERSON_DATABASE_ID,UINT32,-3700,1,0,1,1,"André Bahia","",AUXILIARY_REFERENCE
PERSON_DATABASE_ID,UINT16,-3740,1,0,1,1,"André Bahia","",AUXILIARY_REFERENCE
PERSON_DATABASE_ID,UINT32,-3740,1,0,1,1,"André Bahia","",AUXILIARY_REFERENCE
INTERNAL_PERSON_ID,UINT16,3755,1,0,1,1,"Douglas Silva","",AUXILIARY_REFERENCE
INTERNAL_PERSON_ID,UINT16,3762,0,1,1,1,"","Fábio Costa",AUXILIARY_REFERENCE
INTERNAL_PERSON_ID,UINT16,-3786,0,1,1,1,"","Édson Araújo",AUXILIARY_REFERENCE
INTERNAL_PERSON_ID,UINT16,3809,1,0,1,1,"Andrezinho","",AUXILIARY_REFERENCE
INTERNAL_PERSON_ID,UINT32,3809,1,0,1,1,"Andrezinho","",AUXILIARY_REFERENCE
INTERNAL_PERSON_ID,UINT32,3810,0,1,1,1,"","Édson Araújo",AUXILIARY_REFERENCE
INTERNAL_PERSON_ID,UINT16,-3833,0,1,1,1,"","Édson Araújo",AUXILIARY_REFERENCE
INTERNAL_PERSON_ID,UINT16,-3846,1,0,1,1,"André Bahia","",AUXILIARY_REFERENCE
INTERNAL_PERSON_ID,UINT32,-3846,1,0,1,1,"André Bahia","",AUXILIARY_REFERENCE
PERSON_DATABASE_ID,UINT16,3848,0,1,1,1,"","Luciano Ratinho",AUXILIARY_REFERENCE
PERSON_DATABASE_ID,UINT32,3848,0,1,1,1,"","Luciano Ratinho",AUXILIARY_REFERENCE
INTERNAL_PERSON_ID,UINT16,-3886,1,0,1,1,"André Bahia","",AUXILIARY_REFERENCE
INTERNAL_PERSON_ID,UINT32,-3886,1,0,1,1,"André Bahia","",AUXILIARY_REFERENCE
INTERNAL_PERSON_ID,UINT16,3910,0,1,1,1,"","Édson Araújo",AUXILIARY_REFERENCE
INTERNAL_PERSON_ID,UINT16,3921,0,1,1,1,"","Édson Araújo",AUXILIARY_REFERENCE
INTERNAL_PERSON_ID,UINT32,3921,0,1,1,1,"","Édson Araújo",AUXILIARY_REFERENCE
INTERNAL_PERSON_ID,UINT16,-3965,0,1,1,1,"","Édson Araújo",AUXILIARY_REFERENCE
PERSON_DATABASE_ID,UINT16,-4009,1,0,1,1,"André Bahia","",AUXILIARY_REFERENCE
PERSON_DATABASE_ID,UINT32,-4009,1,0,1,1,"André Bahia","",AUXILIARY_REFERENCE
INTERNAL_PERSON_ID,UINT16,4042,0,1,1,1,"","Fábio Costa",AUXILIARY_REFERENCE
INTERNAL_PERSON_ID,UINT16,-4047,0,1,1,1,"","Édson Araújo",AUXILIARY_REFERENCE
INTERNAL_PERSON_ID,UINT32,-4047,0,1,1,1,"","Édson Araújo",AUXILIARY_REFERENCE
PERSON_DATABASE_ID,UINT16,-4049,1,0,1,1,"André Bahia","",AUXILIARY_REFERENCE
PERSON_DATABASE_ID,UINT32,-4049,1,0,1,1,"André Bahia","",AUXILIARY_REFERENCE
INTERNAL_PERSON_ID,UINT16,-4049,0,1,1,1,"","Édson Araújo",AUXILIARY_REFERENCE
INTERNAL_PERSON_ID,UINT16,-4065,0,1,1,1,"","Édson Araújo",AUXILIARY_REFERENCE
INTERNAL_PERSON_ID,UINT32,-4065,0,1,1,1,"","Édson Araújo",AUXILIARY_REFERENCE
INTERNAL_PERSON_ID,UINT16,-4067,0,1,1,1,"","Édson Araújo",AUXILIARY_REFERENCE
INTERNAL_PERSON_ID,UINT16,4073,0,1,1,1,"","Luciano Ratinho",AUXILIARY_REFERENCE
INTERNAL_PERSON_ID,UINT32,4073,0,1,1,1,"","Luciano Ratinho",AUXILIARY_REFERENCE
