reference_kind,boundary_kind,relative_offset,occurrence_count,distinct_players,flamengo_players,corinthians_players,assessment,player_names
PERSON_DATABASE_ID,ZERO_RUN_AFTER,31,10,10,6,4,BOUNDARY_CANDIDATE_STRONG,"Andrezinho | Bruno Santos | Dimba | Dinélson | Fábio Baiano | Júlio César Moraes | Júnior Baiano | Marcelo Magalhães | Reginaldo Araújo | Rosinei"
INTERNAL_PERSON_ID,ZERO_RUN_BEFORE,-71,7,7,4,3,BOUNDARY_CANDIDATE_MEDIUM,"Alessandro | André Bahia | Fabiano Eller | Júlio César Moraes | Júnior Baiano | Luciano Ratinho | Marcelo Magalhães"
PERSON_DATABASE_ID,ZERO_RUN_BEFORE,-16,6,6,4,2,BOUNDARY_CANDIDATE_MEDIUM,"Alessandro | André Bahia | Fabiano Eller | Fábio Costa | Júlio César Moraes | Reginaldo Araújo"
INTERNAL_PERSON_ID,ZERO_RUN_AFTER,6,5,5,2,3,BOUNDARY_CANDIDATE_MEDIUM,"Bruno Santos | Douglas Silva | Édson Araújo | Fábio Baiano | Fábio Costa"
INTERNAL_PERSON_ID,ZERO_RUN_BEFORE,-21,4,4,2,2,BOUNDARY_CANDIDATE_MEDIUM,"Bruno Santos | Douglas Silva | Fábio Baiano | Fábio Costa"
INTERNAL_PERSON_ID,ZERO_RUN_BEFORE,-25,4,4,2,2,BOUNDARY_CANDIDATE_MEDIUM,"Bruno Santos | Douglas Silva | Fábio Baiano | Fábio Costa"
INTERNAL_PERSON_ID,ZERO_RUN_AFTER,120,4,4,1,3,BOUNDARY_CANDIDATE_WEAK,"Andrezinho | Bruno Octávio | Édson Araújo | Rosinei"
INTERNAL_PERSON_ID,ZERO_RUN_AFTER,7,11,3,2,1,ISOLATED_BOUNDARY,"Bruno Santos | Douglas Silva | Édson Araújo"
INTERNAL_PERSON_ID,ZERO_RUN_BEFORE,-12,4,3,1,2,ISOLATED_BOUNDARY,"Douglas Silva | Édson Araújo | Fábio Baiano"
INTERNAL_PERSON_ID,ZERO_RUN_AFTER,64,4,3,1,2,ISOLATED_BOUNDARY,"André Bahia | Édson Araújo | Marcelo Magalhães"
PERSON_DATABASE_ID,ZERO_RUN_BEFORE,-43,3,3,2,1,ISOLATED_BOUNDARY,"Andrezinho | Bruno Santos | Édson Araújo"
INTERNAL_PERSON_ID,ZERO_RUN_BEFORE,-67,3,3,1,2,ISOLATED_BOUNDARY,"Andrezinho | Dinélson | Édson Araújo"
INTERNAL_PERSON_ID,ZERO_RUN_AFTER,111,3,3,1,2,ISOLATED_BOUNDARY,"Alessandro | Édson Araújo | Fabiano Eller"
PERSON_DATABASE_ID,ZERO_RUN_AFTER,46,2,2,1,1,ISOLATED_BOUNDARY,"Fabiano Eller | Fábio Costa"
INTERNAL_PERSON_ID,ZERO_RUN_BEFORE,-66,2,2,1,1,ISOLATED_BOUNDARY,"Fábio Baiano | Reginaldo Araújo"
PERSON_DATABASE_ID,ZERO_RUN_AFTER,87,2,2,1,1,ISOLATED_BOUNDARY,"André Bahia | Bruno Octávio"
INTERNAL_PERSON_ID,ZERO_RUN_AFTER,116,2,2,1,1,ISOLATED_BOUNDARY,"Júlio César Moraes | Luciano Ratinho"
INTERNAL_PERSON_ID,KNOWN_REFERENCE_AFTER,186,2,2,1,1,ISOLATED_BOUNDARY,"Dimba | Édson Araújo"
INTERNAL_PERSON_ID,ZERO_RUN_AFTER,23,17,3,0,3,ISOLATED_BOUNDARY,"Édson Araújo | Fábio Baiano | Fábio Costa"
INTERNAL_PERSON_ID,ZERO_RUN_AFTER,0,3,2,0,2,ISOLATED_BOUNDARY,"Édson Araújo | Fábio Baiano"
PERSON_DATABASE_ID,ZERO_RUN_BEFORE,-18,2,2,0,2,ISOLATED_BOUNDARY,"Bruno Octávio | Rosinei"
INTERNAL_PERSON_ID,ZERO_RUN_BEFORE,-51,2,2,0,2,ISOLATED_BOUNDARY,"Bruno Octávio | Rosinei"
PERSON_DATABASE_ID,ZERO_RUN_BEFORE,-67,2,2,2,0,ISOLATED_BOUNDARY,"Dimba | Douglas Silva"
INTERNAL_PERSON_ID,ZERO_RUN_BEFORE,-75,2,2,0,2,ISOLATED_BOUNDARY,"Fábio Baiano | Fábio Costa"
INTERNAL_PERSON_ID,ZERO_RUN_AFTER,107,2,2,0,2,ISOLATED_BOUNDARY,"Fábio Baiano | Fábio Costa"
INTERNAL_PERSON_ID,ZERO_RUN_AFTER,112,2,2,2,0,ISOLATED_BOUNDARY,"Bruno Santos | Douglas Silva"
PERSON_DATABASE_ID,KNOWN_REFERENCE_BEFORE,-158,2,2,0,2,ISOLATED_BOUNDARY,"Bruno Octávio | Rosinei"
INTERNAL_PERSON_ID,KNOWN_REFERENCE_AFTER,158,2,2,0,2,ISOLATED_BOUNDARY,"Bruno Octávio | Rosinei"
INTERNAL_PERSON_ID,KNOWN_REFERENCE_AFTER,35,132,1,0,1,ISOLATED_BOUNDARY,"Édson Araújo"
INTERNAL_PERSON_ID,KNOWN_REFERENCE_BEFORE,-35,132,1,0,1,ISOLATED_BOUNDARY,"Édson Araújo"
INTERNAL_PERSON_ID,KNOWN_REFERENCE_AFTER,33,131,1,0,1,ISOLATED_BOUNDARY,"Édson Araújo"
INTERNAL_PERSON_ID,KNOWN_REFERENCE_BEFORE,-33,131,1,0,1,ISOLATED_BOUNDARY,"Édson Araújo"
INTERNAL_PERSON_ID,KNOWN_REFERENCE_AFTER,31,95,1,0,1,ISOLATED_BOUNDARY,"Édson Araújo"
INTERNAL_PERSON_ID,KNOWN_REFERENCE_BEFORE,-31,95,1,0,1,ISOLATED_BOUNDARY,"Édson Araújo"
INTERNAL_PERSON_ID,KNOWN_REFERENCE_AFTER,37,68,1,0,1,ISOLATED_BOUNDARY,"Édson Araújo"
INTERNAL_PERSON_ID,KNOWN_REFERENCE_BEFORE,-37,68,1,0,1,ISOLATED_BOUNDARY,"Édson Araújo"
INTERNAL_PERSON_ID,KNOWN_REFERENCE_AFTER,39,56,1,0,1,ISOLATED_BOUNDARY,"Édson Araújo"
INTERNAL_PERSON_ID,KNOWN_REFERENCE_BEFORE,-39,56,1,0,1,ISOLATED_BOUNDARY,"Édson Araújo"
INTERNAL_PERSON_ID,KNOWN_REFERENCE_AFTER,29,38,1,0,1,ISOLATED_BOUNDARY,"Édson Araújo"
INTERNAL_PERSON_ID,KNOWN_REFERENCE_BEFORE,-29,38,1,0,1,ISOLATED_BOUNDARY,"Édson Araújo"
INTERNAL_PERSON_ID,KNOWN_REFERENCE_AFTER,47,37,1,0,1,ISOLATED_BOUNDARY,"Édson Araújo"
INTERNAL_PERSON_ID,KNOWN_REFERENCE_BEFORE,-47,37,1,0,1,ISOLATED_BOUNDARY,"Édson Araújo"
INTERNAL_PERSON_ID,KNOWN_REFERENCE_AFTER,41,33,1,0,1,ISOLATED_BOUNDARY,"Édson Araújo"
INTERNAL_PERSON_ID,KNOWN_REFERENCE_BEFORE,-41,33,1,0,1,ISOLATED_BOUNDARY,"Édson Araújo"
INTERNAL_PERSON_ID,KNOWN_REFERENCE_AFTER,45,32,1,0,1,ISOLATED_BOUNDARY,"Édson Araújo"
INTERNAL_PERSON_ID,KNOWN_REFERENCE_BEFORE,-45,32,1,0,1,ISOLATED_BOUNDARY,"Édson Araújo"
INTERNAL_PERSON_ID,KNOWN_REFERENCE_AFTER,43,29,1,0,1,ISOLATED_BOUNDARY,"Édson Araújo"
INTERNAL_PERSON_ID,KNOWN_REFERENCE_BEFORE,-43,29,1,0,1,ISOLATED_BOUNDARY,"Édson Araújo"
INTERNAL_PERSON_ID,KNOWN_REFERENCE_AFTER,49,29,1,0,1,ISOLATED_BOUNDARY,"Édson Araújo"
INTERNAL_PERSON_ID,KNOWN_REFERENCE_BEFORE,-49,29,1,0,1,ISOLATED_BOUNDARY,"Édson Araújo"
INTERNAL_PERSON_ID,ZERO_RUN_BEFORE,-8,20,1,0,1,ISOLATED_BOUNDARY,"Édson Araújo"
INTERNAL_PERSON_ID,KNOWN_REFERENCE_AFTER,51,13,1,0,1,ISOLATED_BOUNDARY,"Édson Araújo"
INTERNAL_PERSON_ID,KNOWN_REFERENCE_BEFORE,-51,13,1,0,1,ISOLATED_BOUNDARY,"Édson Araújo"
INTERNAL_PERSON_ID,ZERO_RUN_AFTER,43,9,1,0,1,ISOLATED_BOUNDARY,"Édson Araújo"
INTERNAL_PERSON_ID,KNOWN_REFERENCE_AFTER,53,9,1,0,1,ISOLATED_BOUNDARY,"Édson Araújo"
INTERNAL_PERSON_ID,KNOWN_REFERENCE_BEFORE,-53,9,1,0,1,ISOLATED_BOUNDARY,"Édson Araújo"
INTERNAL_PERSON_ID,ZERO_RUN_AFTER,58,7,1,0,1,ISOLATED_BOUNDARY,"Édson Araújo"
INTERNAL_PERSON_ID,ZERO_RUN_BEFORE,-11,5,1,0,1,ISOLATED_BOUNDARY,"Édson Araújo"
INTERNAL_PERSON_ID,ZERO_RUN_BEFORE,-27,5,1,0,1,ISOLATED_BOUNDARY,"Édson Araújo"
INTERNAL_PERSON_ID,KNOWN_REFERENCE_AFTER,27,5,1,0,1,ISOLATED_BOUNDARY,"Édson Araújo"
INTERNAL_PERSON_ID,KNOWN_REFERENCE_BEFORE,-27,5,1,0,1,ISOLATED_BOUNDARY,"Édson Araújo"
INTERNAL_PERSON_ID,ZERO_RUN_BEFORE,-43,5,1,0,1,ISOLATED_BOUNDARY,"Édson Araújo"
INTERNAL_PERSON_ID,ZERO_RUN_AFTER,45,5,1,0,1,ISOLATED_BOUNDARY,"Édson Araújo"
INTERNAL_PERSON_ID,ZERO_RUN_AFTER,20,4,1,0,1,ISOLATED_BOUNDARY,"Édson Araújo"
INTERNAL_PERSON_ID,ZERO_RUN_BEFORE,-28,4,1,0,1,ISOLATED_BOUNDARY,"Édson Araújo"
INTERNAL_PERSON_ID,ZERO_RUN_AFTER,37,4,1,0,1,ISOLATED_BOUNDARY,"Édson Araújo"
INTERNAL_PERSON_ID,KNOWN_REFERENCE_AFTER,70,4,1,0,1,ISOLATED_BOUNDARY,"Édson Araújo"
INTERNAL_PERSON_ID,KNOWN_REFERENCE_BEFORE,-70,4,1,0,1,ISOLATED_BOUNDARY,"Édson Araújo"
INTERNAL_PERSON_ID,ZERO_RUN_BEFORE,-33,3,1,0,1,ISOLATED_BOUNDARY,"Édson Araújo"
INTERNAL_PERSON_ID,ZERO_RUN_AFTER,55,3,1,0,1,ISOLATED_BOUNDARY,"Édson Araújo"
INTERNAL_PERSON_ID,KNOWN_REFERENCE_AFTER,55,3,1,0,1,ISOLATED_BOUNDARY,"Édson Araújo"
INTERNAL_PERSON_ID,KNOWN_REFERENCE_BEFORE,-55,3,1,0,1,ISOLATED_BOUNDARY,"Édson Araújo"
INTERNAL_PERSON_ID,ZERO_RUN_BEFORE,-61,3,1,0,1,ISOLATED_BOUNDARY,"Édson Araújo"
INTERNAL_PERSON_ID,KNOWN_REFERENCE_AFTER,110,3,1,0,1,ISOLATED_BOUNDARY,"Édson Araújo"
INTERNAL_PERSON_ID,KNOWN_REFERENCE_BEFORE,-110,3,1,0,1,ISOLATED_BOUNDARY,"Édson Araújo"
INTERNAL_PERSON_ID,ZERO_RUN_BEFORE,-137,3,1,0,1,ISOLATED_BOUNDARY,"Édson Araújo"
INTERNAL_PERSON_ID,ZERO_RUN_AFTER,16,2,1,0,1,ISOLATED_BOUNDARY,"Édson Araújo"
INTERNAL_PERSON_ID,ZERO_RUN_BEFORE,-26,2,1,0,1,ISOLATED_BOUNDARY,"Édson Araújo"
INTERNAL_PERSON_ID,ZERO_RUN_AFTER,29,2,1,0,1,ISOLATED_BOUNDARY,"Édson Araújo"
INTERNAL_PERSON_ID,ZERO_RUN_BEFORE,-30,2,1,0,1,ISOLATED_BOUNDARY,"Édson Araújo"
INTERNAL_PERSON_ID,ZERO_RUN_AFTER,34,2,1,0,1,ISOLATED_BOUNDARY,"Édson Araújo"
INTERNAL_PERSON_ID,ZERO_RUN_BEFORE,-35,2,1,0,1,ISOLATED_BOUNDARY,"Édson Araújo"
INTERNAL_PERSON_ID,ZERO_RUN_BEFORE,-41,2,1,0,1,ISOLATED_BOUNDARY,"Édson Araújo"
INTERNAL_PERSON_ID,ZERO_RUN_BEFORE,-44,2,1,0,1,ISOLATED_BOUNDARY,"Édson Araújo"
INTERNAL_PERSON_ID,ZERO_RUN_BEFORE,-45,2,1,0,1,ISOLATED_BOUNDARY,"Édson Araújo"
INTERNAL_PERSON_ID,ZERO_RUN_AFTER,50,2,1,0,1,ISOLATED_BOUNDARY,"Édson Araújo"
INTERNAL_PERSON_ID,ZERO_RUN_BEFORE,-55,2,1,0,1,ISOLATED_BOUNDARY,"Édson Araújo"
INTERNAL_PERSON_ID,ZERO_RUN_AFTER,72,2,1,0,1,ISOLATED_BOUNDARY,"Édson Araújo"
INTERNAL_PERSON_ID,ZERO_RUN_BEFORE,-90,2,1,0,1,ISOLATED_BOUNDARY,"Édson Araújo"
INTERNAL_PERSON_ID,ZERO_RUN_BEFORE,-121,2,1,0,1,ISOLATED_BOUNDARY,"Édson Araújo"
INTERNAL_PERSON_ID,ZERO_RUN_AFTER,2,1,1,0,1,ISOLATED_BOUNDARY,"Édson Araújo"
INTERNAL_PERSON_ID,ZERO_RUN_AFTER,3,1,1,0,1,ISOLATED_BOUNDARY,"Édson Araújo"
INTERNAL_PERSON_ID,ZERO_RUN_AFTER,8,1,1,0,1,ISOLATED_BOUNDARY,"Fábio Baiano"
INTERNAL_PERSON_ID,ZERO_RUN_BEFORE,-10,1,1,0,1,ISOLATED_BOUNDARY,"Édson Araújo"
INTERNAL_PERSON_ID,ZERO_RUN_BEFORE,-13,1,1,0,1,ISOLATED_BOUNDARY,"Fábio Costa"
INTERNAL_PERSON_ID,ZERO_RUN_BEFORE,-14,1,1,0,1,ISOLATED_BOUNDARY,"Édson Araújo"
INTERNAL_PERSON_ID,ZERO_RUN_AFTER,15,1,1,0,1,ISOLATED_BOUNDARY,"Édson Araújo"
INTERNAL_PERSON_ID,ZERO_RUN_BEFORE,-16,1,1,0,1,ISOLATED_BOUNDARY,"Édson Araújo"
INTERNAL_PERSON_ID,ZERO_RUN_AFTER,17,1,1,0,1,ISOLATED_BOUNDARY,"Édson Araújo"
INTERNAL_PERSON_ID,ZERO_RUN_BEFORE,-18,1,1,0,1,ISOLATED_BOUNDARY,"Édson Araújo"
INTERNAL_PERSON_ID,ZERO_RUN_BEFORE,-19,1,1,0,1,ISOLATED_BOUNDARY,"Édson Araújo"
INTERNAL_PERSON_ID,ZERO_RUN_BEFORE,-20,1,1,0,1,ISOLATED_BOUNDARY,"Édson Araújo"
INTERNAL_PERSON_ID,ZERO_RUN_AFTER,22,1,1,0,1,ISOLATED_BOUNDARY,"Édson Araújo"
INTERNAL_PERSON_ID,ZERO_RUN_BEFORE,-31,1,1,0,1,ISOLATED_BOUNDARY,"Édson Araújo"
INTERNAL_PERSON_ID,ZERO_RUN_AFTER,31,1,1,0,1,ISOLATED_BOUNDARY,"Fábio Costa"
PERSON_DATABASE_ID,ZERO_RUN_AFTER,32,1,1,0,1,ISOLATED_BOUNDARY,"Édson Araújo"
INTERNAL_PERSON_ID,ZERO_RUN_AFTER,32,1,1,0,1,ISOLATED_BOUNDARY,"Édson Araújo"
INTERNAL_PERSON_ID,ZERO_RUN_AFTER,36,1,1,0,1,ISOLATED_BOUNDARY,"Édson Araújo"
INTERNAL_PERSON_ID,ZERO_RUN_BEFORE,-36,1,1,0,1,ISOLATED_BOUNDARY,"Édson Araújo"
INTERNAL_PERSON_ID,ZERO_RUN_BEFORE,-40,1,1,0,1,ISOLATED_BOUNDARY,"Édson Araújo"
INTERNAL_PERSON_ID,ZERO_RUN_BEFORE,-42,1,1,0,1,ISOLATED_BOUNDARY,"Édson Araújo"
INTERNAL_PERSON_ID,ZERO_RUN_AFTER,44,1,1,0,1,ISOLATED_BOUNDARY,"Édson Araújo"
INTERNAL_PERSON_ID,ZERO_RUN_AFTER,46,1,1,0,1,ISOLATED_BOUNDARY,"Édson Araújo"
INTERNAL_PERSON_ID,KNOWN_REFERENCE_AFTER,46,1,1,0,1,ISOLATED_BOUNDARY,"Édson Araújo"
INTERNAL_PERSON_ID,KNOWN_REFERENCE_BEFORE,-46,1,1,0,1,ISOLATED_BOUNDARY,"Édson Araújo"
INTERNAL_PERSON_ID,ZERO_RUN_AFTER,47,1,1,0,1,ISOLATED_BOUNDARY,"Édson Araújo"
INTERNAL_PERSON_ID,ZERO_RUN_AFTER,51,1,1,0,1,ISOLATED_BOUNDARY,"Édson Araújo"
PERSON_DATABASE_ID,ZERO_RUN_BEFORE,-51,1,1,0,1,ISOLATED_BOUNDARY,"Dinélson"
INTERNAL_PERSON_ID,ZERO_RUN_AFTER,52,1,1,0,1,ISOLATED_BOUNDARY,"Édson Araújo"
INTERNAL_PERSON_ID,ZERO_RUN_BEFORE,-57,1,1,0,1,ISOLATED_BOUNDARY,"Édson Araújo"
INTERNAL_PERSON_ID,ZERO_RUN_AFTER,57,1,1,0,1,ISOLATED_BOUNDARY,"Édson Araújo"
INTERNAL_PERSON_ID,KNOWN_REFERENCE_AFTER,57,1,1,0,1,ISOLATED_BOUNDARY,"Édson Araújo"
INTERNAL_PERSON_ID,KNOWN_REFERENCE_BEFORE,-57,1,1,0,1,ISOLATED_BOUNDARY,"Édson Araújo"
INTERNAL_PERSON_ID,ZERO_RUN_BEFORE,-59,1,1,1,0,ISOLATED_BOUNDARY,"Bruno Santos"
PERSON_DATABASE_ID,ZERO_RUN_BEFORE,-59,1,1,0,1,ISOLATED_BOUNDARY,"Fábio Baiano"
PERSON_DATABASE_ID,ZERO_RUN_BEFORE,-60,1,1,0,1,ISOLATED_BOUNDARY,"Luciano Ratinho"
INTERNAL_PERSON_ID,ZERO_RUN_AFTER,61,1,1,0,1,ISOLATED_BOUNDARY,"Fábio Costa"
INTERNAL_PERSON_ID,KNOWN_REFERENCE_AFTER,62,1,1,0,1,ISOLATED_BOUNDARY,"Édson Araújo"
PERSON_DATABASE_ID,KNOWN_REFERENCE_BEFORE,-62,1,1,0,1,ISOLATED_BOUNDARY,"Dinélson"
INTERNAL_PERSON_ID,ZERO_RUN_BEFORE,-64,1,1,0,1,ISOLATED_BOUNDARY,"Fábio Costa"
INTERNAL_PERSON_ID,ZERO_RUN_AFTER,65,1,1,1,0,ISOLATED_BOUNDARY,"Júnior Baiano"
INTERNAL_PERSON_ID,ZERO_RUN_AFTER,67,1,1,0,1,ISOLATED_BOUNDARY,"Édson Araújo"
PERSON_DATABASE_ID,ZERO_RUN_BEFORE,-68,1,1,0,1,ISOLATED_BOUNDARY,"Marcelo Magalhães"
INTERNAL_PERSON_ID,ZERO_RUN_AFTER,69,1,1,1,0,ISOLATED_BOUNDARY,"Reginaldo Araújo"
INTERNAL_PERSON_ID,ZERO_RUN_AFTER,75,1,1,0,1,ISOLATED_BOUNDARY,"Édson Araújo"
INTERNAL_PERSON_ID,ZERO_RUN_AFTER,76,1,1,0,1,ISOLATED_BOUNDARY,"Dinélson"
INTERNAL_PERSON_ID,ZERO_RUN_BEFORE,-77,1,1,1,0,ISOLATED_BOUNDARY,"Dimba"
INTERNAL_PERSON_ID,ZERO_RUN_BEFORE,-78,1,1,0,1,ISOLATED_BOUNDARY,"Édson Araújo"
INTERNAL_PERSON_ID,ZERO_RUN_BEFORE,-83,1,1,0,1,ISOLATED_BOUNDARY,"Édson Araújo"
INTERNAL_PERSON_ID,ZERO_RUN_BEFORE,-84,1,1,0,1,ISOLATED_BOUNDARY,"Édson Araújo"
PERSON_DATABASE_ID,ZERO_RUN_AFTER,84,1,1,0,1,ISOLATED_BOUNDARY,"Luciano Ratinho"
PERSON_DATABASE_ID,ZERO_RUN_AFTER,85,1,1,1,0,ISOLATED_BOUNDARY,"Douglas Silva"
INTERNAL_PERSON_ID,ZERO_RUN_BEFORE,-85,1,1,1,0,ISOLATED_BOUNDARY,"Douglas Silva"
INTERNAL_PERSON_ID,ZERO_RUN_BEFORE,-87,1,1,0,1,ISOLATED_BOUNDARY,"Édson Araújo"
INTERNAL_PERSON_ID,ZERO_RUN_BEFORE,-88,1,1,0,1,ISOLATED_BOUNDARY,"Édson Araújo"
INTERNAL_PERSON_ID,ZERO_RUN_AFTER,88,1,1,0,1,ISOLATED_BOUNDARY,"Édson Araújo"
INTERNAL_PERSON_ID,ZERO_RUN_AFTER,93,1,1,0,1,ISOLATED_BOUNDARY,"Édson Araújo"
INTERNAL_PERSON_ID,ZERO_RUN_BEFORE,-93,1,1,0,1,ISOLATED_BOUNDARY,"Édson Araújo"
INTERNAL_PERSON_ID,ZERO_RUN_AFTER,94,1,1,1,0,ISOLATED_BOUNDARY,"Douglas Silva"
INTERNAL_PERSON_ID,ZERO_RUN_AFTER,96,1,1,0,1,ISOLATED_BOUNDARY,"Édson Araújo"
INTERNAL_PERSON_ID,ZERO_RUN_AFTER,98,1,1,0,1,ISOLATED_BOUNDARY,"Édson Araújo"
INTERNAL_PERSON_ID,ZERO_RUN_BEFORE,-98,1,1,0,1,ISOLATED_BOUNDARY,"Édson Araújo"
PERSON_DATABASE_ID,ZERO_RUN_BEFORE,-99,1,1,1,0,ISOLATED_BOUNDARY,"Júnior Baiano"
INTERNAL_PERSON_ID,ZERO_RUN_AFTER,99,1,1,0,1,ISOLATED_BOUNDARY,"Édson Araújo"
INTERNAL_PERSON_ID,ZERO_RUN_AFTER,109,1,1,1,0,ISOLATED_BOUNDARY,"Bruno Santos"
INTERNAL_PERSON_ID,KNOWN_REFERENCE_BEFORE,-113,1,1,0,1,ISOLATED_BOUNDARY,"Édson Araújo"
INTERNAL_PERSON_ID,KNOWN_REFERENCE_AFTER,113,1,1,0,1,ISOLATED_BOUNDARY,"Dinélson"
INTERNAL_PERSON_ID,ZERO_RUN_BEFORE,-114,1,1,0,1,ISOLATED_BOUNDARY,"Édson Araújo"
INTERNAL_PERSON_ID,ZERO_RUN_AFTER,115,1,1,1,0,ISOLATED_BOUNDARY,"Dimba"
INTERNAL_PERSON_ID,ZERO_RUN_BEFORE,-118,1,1,0,1,ISOLATED_BOUNDARY,"Édson Araújo"
INTERNAL_PERSON_ID,ZERO_RUN_BEFORE,-120,1,1,0,1,ISOLATED_BOUNDARY,"Édson Araújo"
INTERNAL_PERSON_ID,ZERO_RUN_AFTER,128,1,1,0,1,ISOLATED_BOUNDARY,"Édson Araújo"
INTERNAL_PERSON_ID,KNOWN_REFERENCE_AFTER,132,1,1,0,1,ISOLATED_BOUNDARY,"Édson Araújo"
INTERNAL_PERSON_ID,KNOWN_REFERENCE_BEFORE,-132,1,1,0,1,ISOLATED_BOUNDARY,"Édson Araújo"
INTERNAL_PERSON_ID,ZERO_RUN_AFTER,134,1,1,1,0,ISOLATED_BOUNDARY,"Bruno Santos"
INTERNAL_PERSON_ID,ZERO_RUN_BEFORE,-141,1,1,0,1,ISOLATED_BOUNDARY,"Édson Araújo"
INTERNAL_PERSON_ID,ZERO_RUN_BEFORE,-142,1,1,1,0,ISOLATED_BOUNDARY,"Bruno Santos"
INTERNAL_PERSON_ID,KNOWN_REFERENCE_AFTER,144,1,1,0,1,ISOLATED_BOUNDARY,"Édson Araújo"
INTERNAL_PERSON_ID,KNOWN_REFERENCE_BEFORE,-144,1,1,0,1,ISOLATED_BOUNDARY,"Édson Araújo"
INTERNAL_PERSON_ID,ZERO_RUN_BEFORE,-145,1,1,0,1,ISOLATED_BOUNDARY,"Édson Araújo"
INTERNAL_PERSON_ID,ZERO_RUN_AFTER,148,1,1,0,1,ISOLATED_BOUNDARY,"Édson Araújo"
INTERNAL_PERSON_ID,ZERO_RUN_AFTER,152,1,1,0,1,ISOLATED_BOUNDARY,"Édson Araújo"
INTERNAL_PERSON_ID,ZERO_RUN_BEFORE,-153,1,1,0,1,ISOLATED_BOUNDARY,"Édson Araújo"
INTERNAL_PERSON_ID,ZERO_RUN_AFTER,153,1,1,0,1,ISOLATED_BOUNDARY,"Édson Araújo"
INTERNAL_PERSON_ID,ZERO_RUN_BEFORE,-154,1,1,0,1,ISOLATED_BOUNDARY,"Édson Araújo"
INTERNAL_PERSON_ID,ZERO_RUN_BEFORE,-155,1,1,0,1,ISOLATED_BOUNDARY,"Édson Araújo"
PERSON_DATABASE_ID,KNOWN_REFERENCE_BEFORE,-159,1,1,1,0,ISOLATED_BOUNDARY,"Bruno Santos"
INTERNAL_PERSON_ID,KNOWN_REFERENCE_AFTER,159,1,1,1,0,ISOLATED_BOUNDARY,"Bruno Santos"
PERSON_DATABASE_ID,KNOWN_REFERENCE_BEFORE,-162,1,1,0,1,ISOLATED_BOUNDARY,"Fábio Costa"
INTERNAL_PERSON_ID,KNOWN_REFERENCE_AFTER,162,1,1,0,1,ISOLATED_BOUNDARY,"Fábio Costa"
PERSON_DATABASE_ID,KNOWN_REFERENCE_BEFORE,-163,1,1,1,0,ISOLATED_BOUNDARY,"André Bahia"
INTERNAL_PERSON_ID,KNOWN_REFERENCE_AFTER,163,1,1,1,0,ISOLATED_BOUNDARY,"André Bahia"
INTERNAL_PERSON_ID,ZERO_RUN_BEFORE,-163,1,1,0,1,ISOLATED_BOUNDARY,"Édson Araújo"
PERSON_DATABASE_ID,KNOWN_REFERENCE_BEFORE,-167,1,1,1,0,ISOLATED_BOUNDARY,"Andrezinho"
INTERNAL_PERSON_ID,KNOWN_REFERENCE_AFTER,167,1,1,1,0,ISOLATED_BOUNDARY,"Andrezinho"
PERSON_DATABASE_ID,KNOWN_REFERENCE_BEFORE,-170,1,1,0,1,ISOLATED_BOUNDARY,"Fábio Baiano"
INTERNAL_PERSON_ID,KNOWN_REFERENCE_AFTER,170,1,1,0,1,ISOLATED_BOUNDARY,"Fábio Baiano"
PERSON_DATABASE_ID,KNOWN_REFERENCE_BEFORE,-171,1,1,1,0,ISOLATED_BOUNDARY,"Júlio César Moraes"
INTERNAL_PERSON_ID,KNOWN_REFERENCE_AFTER,171,1,1,1,0,ISOLATED_BOUNDARY,"Júlio César Moraes"
PERSON_DATABASE_ID,KNOWN_REFERENCE_BEFORE,-174,1,1,1,0,ISOLATED_BOUNDARY,"Fabiano Eller"
INTERNAL_PERSON_ID,KNOWN_REFERENCE_AFTER,174,1,1,1,0,ISOLATED_BOUNDARY,"Fabiano Eller"
INTERNAL_PERSON_ID,ZERO_RUN_BEFORE,-175,1,1,0,1,ISOLATED_BOUNDARY,"Édson Araújo"
INTERNAL_PERSON_ID,KNOWN_REFERENCE_AFTER,178,1,1,0,1,ISOLATED_BOUNDARY,"Édson Araújo"
INTERNAL_PERSON_ID,KNOWN_REFERENCE_BEFORE,-178,1,1,0,1,ISOLATED_BOUNDARY,"Édson Araújo"
INTERNAL_PERSON_ID,ZERO_RUN_BEFORE,-179,1,1,0,1,ISOLATED_BOUNDARY,"Édson Araújo"
INTERNAL_PERSON_ID,ZERO_RUN_AFTER,182,1,1,0,1,ISOLATED_BOUNDARY,"Édson Araújo"
INTERNAL_PERSON_ID,KNOWN_REFERENCE_AFTER,182,1,1,0,1,ISOLATED_BOUNDARY,"Édson Araújo"
INTERNAL_PERSON_ID,KNOWN_REFERENCE_BEFORE,-182,1,1,0,1,ISOLATED_BOUNDARY,"Édson Araújo"
PERSON_DATABASE_ID,KNOWN_REFERENCE_BEFORE,-186,1,1,1,0,ISOLATED_BOUNDARY,"Dimba"
INTERNAL_PERSON_ID,KNOWN_REFERENCE_BEFORE,-186,1,1,0,1,ISOLATED_BOUNDARY,"Édson Araújo"
INTERNAL_PERSON_ID,ZERO_RUN_AFTER,192,1,1,0,1,ISOLATED_BOUNDARY,"Édson Araújo"
INTERNAL_PERSON_ID,ZERO_RUN_BEFORE,-196,1,1,1,0,ISOLATED_BOUNDARY,"Bruno Santos"
INTERNAL_PERSON_ID,ZERO_RUN_AFTER,198,1,1,0,1,ISOLATED_BOUNDARY,"Édson Araújo"
INTERNAL_PERSON_ID,KNOWN_REFERENCE_AFTER,210,1,1,0,1,ISOLATED_BOUNDARY,"Édson Araújo"
INTERNAL_PERSON_ID,KNOWN_REFERENCE_BEFORE,-210,1,1,0,1,ISOLATED_BOUNDARY,"Édson Araújo"
PERSON_DATABASE_ID,KNOWN_REFERENCE_BEFORE,-213,1,1,0,1,ISOLATED_BOUNDARY,"Édson Araújo"
INTERNAL_PERSON_ID,KNOWN_REFERENCE_AFTER,213,1,1,0,1,ISOLATED_BOUNDARY,"Édson Araújo"
PERSON_DATABASE_ID,KNOWN_REFERENCE_BEFORE,-214,1,1,1,0,ISOLATED_BOUNDARY,"Júnior Baiano"
INTERNAL_PERSON_ID,KNOWN_REFERENCE_AFTER,214,1,1,1,0,ISOLATED_BOUNDARY,"Júnior Baiano"
PERSON_DATABASE_ID,KNOWN_REFERENCE_BEFORE,-225,1,1,0,1,ISOLATED_BOUNDARY,"Luciano Ratinho"
INTERNAL_PERSON_ID,KNOWN_REFERENCE_AFTER,225,1,1,0,1,ISOLATED_BOUNDARY,"Luciano Ratinho"
PERSON_DATABASE_ID,KNOWN_REFERENCE_BEFORE,-228,1,1,0,1,ISOLATED_BOUNDARY,"Marcelo Magalhães"
INTERNAL_PERSON_ID,KNOWN_REFERENCE_AFTER,228,1,1,0,1,ISOLATED_BOUNDARY,"Marcelo Magalhães"
PERSON_DATABASE_ID,KNOWN_REFERENCE_BEFORE,-229,1,1,1,0,ISOLATED_BOUNDARY,"Douglas Silva"
INTERNAL_PERSON_ID,KNOWN_REFERENCE_AFTER,229,1,1,1,0,ISOLATED_BOUNDARY,"Douglas Silva"
PERSON_DATABASE_ID,KNOWN_REFERENCE_BEFORE,-232,1,1,1,0,ISOLATED_BOUNDARY,"Reginaldo Araújo"
INTERNAL_PERSON_ID,KNOWN_REFERENCE_AFTER,232,1,1,1,0,ISOLATED_BOUNDARY,"Reginaldo Araújo"
INTERNAL_PERSON_ID,KNOWN_REFERENCE_AFTER,234,1,1,0,1,ISOLATED_BOUNDARY,"Édson Araújo"
INTERNAL_PERSON_ID,KNOWN_REFERENCE_BEFORE,-234,1,1,0,1,ISOLATED_BOUNDARY,"Édson Araújo"
PERSON_DATABASE_ID,KNOWN_REFERENCE_BEFORE,-236,1,1,0,1,ISOLATED_BOUNDARY,"Alessandro"
INTERNAL_PERSON_ID,KNOWN_REFERENCE_AFTER,236,1,1,0,1,ISOLATED_BOUNDARY,"Alessandro"
INTERNAL_PERSON_ID,KNOWN_REFERENCE_AFTER,246,1,1,0,1,ISOLATED_BOUNDARY,"Édson Araújo"
INTERNAL_PERSON_ID,KNOWN_REFERENCE_BEFORE,-246,1,1,0,1,ISOLATED_BOUNDARY,"Édson Araújo"
INTERNAL_PERSON_ID,KNOWN_REFERENCE_AFTER,280,1,1,0,1,ISOLATED_BOUNDARY,"Fábio Costa"
INTERNAL_PERSON_ID,KNOWN_REFERENCE_BEFORE,-280,1,1,0,1,ISOLATED_BOUNDARY,"Fábio Costa"
INTERNAL_PERSON_ID,KNOWN_REFERENCE_BEFORE,-324,1,1,0,1,ISOLATED_BOUNDARY,"Bruno Octávio"
INTERNAL_PERSON_ID,KNOWN_REFERENCE_AFTER,324,1,1,0,1,ISOLATED_BOUNDARY,"Dinélson"
INTERNAL_PERSON_ID,KNOWN_REFERENCE_AFTER,486,1,1,0,1,ISOLATED_BOUNDARY,"Édson Araújo"
INTERNAL_PERSON_ID,KNOWN_REFERENCE_BEFORE,-486,1,1,0,1,ISOLATED_BOUNDARY,"Édson Araújo"
PERSON_DATABASE_ID,KNOWN_REFERENCE_AFTER,653,1,1,1,0,ISOLATED_BOUNDARY,"Dimba"
PERSON_DATABASE_ID,KNOWN_REFERENCE_BEFORE,-653,1,1,0,1,ISOLATED_BOUNDARY,"Marcelo Magalhães"
PERSON_DATABASE_ID,KNOWN_REFERENCE_BEFORE,-837,1,1,0,1,ISOLATED_BOUNDARY,"Bruno Octávio"
PERSON_DATABASE_ID,KNOWN_REFERENCE_BEFORE,-1128,1,1,1,0,ISOLATED_BOUNDARY,"André Bahia"
PERSON_DATABASE_ID,KNOWN_REFERENCE_AFTER,1162,1,1,1,0,ISOLATED_BOUNDARY,"Fabiano Eller"
INTERNAL_PERSON_ID,KNOWN_REFERENCE_AFTER,1212,1,1,0,1,ISOLATED_BOUNDARY,"Édson Araújo"
INTERNAL_PERSON_ID,KNOWN_REFERENCE_BEFORE,-1212,1,1,0,1,ISOLATED_BOUNDARY,"Édson Araújo"
INTERNAL_PERSON_ID,KNOWN_REFERENCE_AFTER,1473,1,1,0,1,ISOLATED_BOUNDARY,"Édson Araújo"
INTERNAL_PERSON_ID,KNOWN_REFERENCE_BEFORE,-1473,1,1,0,1,ISOLATED_BOUNDARY,"Édson Araújo"
PERSON_DATABASE_ID,KNOWN_REFERENCE_AFTER,1509,1,1,1,0,ISOLATED_BOUNDARY,"Júnior Baiano"
PERSON_DATABASE_ID,KNOWN_REFERENCE_BEFORE,-1509,1,1,0,1,ISOLATED_BOUNDARY,"Luciano Ratinho"
INTERNAL_PERSON_ID,KNOWN_REFERENCE_BEFORE,-1564,1,1,0,1,ISOLATED_BOUNDARY,"Édson Araújo"
PERSON_DATABASE_ID,KNOWN_REFERENCE_AFTER,1564,1,1,0,1,ISOLATED_BOUNDARY,"Bruno Octávio"
INTERNAL_PERSON_ID,KNOWN_REFERENCE_BEFORE,-1707,1,1,1,0,ISOLATED_BOUNDARY,"Andrezinho"
INTERNAL_PERSON_ID,KNOWN_REFERENCE_AFTER,1707,1,1,1,0,ISOLATED_BOUNDARY,"Reginaldo Araújo"
INTERNAL_PERSON_ID,KNOWN_REFERENCE_AFTER,1755,1,1,0,1,ISOLATED_BOUNDARY,"Rosinei"
INTERNAL_PERSON_ID,KNOWN_REFERENCE_BEFORE,-1755,1,1,0,1,ISOLATED_BOUNDARY,"Dinélson"
INTERNAL_PERSON_ID,KNOWN_REFERENCE_AFTER,1925,1,1,0,1,ISOLATED_BOUNDARY,"Édson Araújo"
INTERNAL_PERSON_ID,KNOWN_REFERENCE_BEFORE,-1925,1,1,0,1,ISOLATED_BOUNDARY,"Édson Araújo"
INTERNAL_PERSON_ID,KNOWN_REFERENCE_AFTER,1949,1,1,0,1,ISOLATED_BOUNDARY,"Édson Araújo"
INTERNAL_PERSON_ID,KNOWN_REFERENCE_BEFORE,-1949,1,1,0,1,ISOLATED_BOUNDARY,"Fábio Costa"
INTERNAL_PERSON_ID,KNOWN_REFERENCE_AFTER,2160,1,1,1,0,ISOLATED_BOUNDARY,"Dimba"
INTERNAL_PERSON_ID,KNOWN_REFERENCE_BEFORE,-2160,1,1,1,0,ISOLATED_BOUNDARY,"Reginaldo Araújo"
INTERNAL_PERSON_ID,KNOWN_REFERENCE_BEFORE,-2219,1,1,1,0,ISOLATED_BOUNDARY,"Douglas Silva"
INTERNAL_PERSON_ID,KNOWN_REFERENCE_AFTER,2219,1,1,0,1,ISOLATED_BOUNDARY,"Édson Araújo"
INTERNAL_PERSON_ID,KNOWN_REFERENCE_BEFORE,-2252,1,1,0,1,ISOLATED_BOUNDARY,"Bruno Octávio"
INTERNAL_PERSON_ID,KNOWN_REFERENCE_AFTER,2252,1,1,0,1,ISOLATED_BOUNDARY,"Dinélson"
PERSON_DATABASE_ID,KNOWN_REFERENCE_BEFORE,-2266,1,1,1,0,ISOLATED_BOUNDARY,"Reginaldo Araújo"
INTERNAL_PERSON_ID,KNOWN_REFERENCE_BEFORE,-2484,1,1,0,1,ISOLATED_BOUNDARY,"Édson Araújo"
INTERNAL_PERSON_ID,KNOWN_REFERENCE_AFTER,2484,1,1,0,1,ISOLATED_BOUNDARY,"Bruno Octávio"
INTERNAL_PERSON_ID,KNOWN_REFERENCE_AFTER,2525,1,1,0,1,ISOLATED_BOUNDARY,"Édson Araújo"
INTERNAL_PERSON_ID,KNOWN_REFERENCE_BEFORE,-2525,1,1,0,1,ISOLATED_BOUNDARY,"Édson Araújo"
INTERNAL_PERSON_ID,KNOWN_REFERENCE_AFTER,2677,1,1,0,1,ISOLATED_BOUNDARY,"Édson Araújo"
INTERNAL_PERSON_ID,KNOWN_REFERENCE_BEFORE,-2677,1,1,0,1,ISOLATED_BOUNDARY,"Édson Araújo"
PERSON_DATABASE_ID,KNOWN_REFERENCE_AFTER,3090,1,1,0,1,ISOLATED_BOUNDARY,"Rosinei"
INTERNAL_PERSON_ID,KNOWN_REFERENCE_AFTER,3325,1,1,0,1,ISOLATED_BOUNDARY,"Édson Araújo"
INTERNAL_PERSON_ID,KNOWN_REFERENCE_BEFORE,-3325,1,1,0,1,ISOLATED_BOUNDARY,"Édson Araújo"
INTERNAL_PERSON_ID,KNOWN_REFERENCE_BEFORE,-3879,1,1,0,1,ISOLATED_BOUNDARY,"Édson Araújo"
INTERNAL_PERSON_ID,KNOWN_REFERENCE_AFTER,3879,1,1,0,1,ISOLATED_BOUNDARY,"Fábio Baiano"
INTERNAL_PERSON_ID,KNOWN_REFERENCE_BEFORE,-4040,1,1,1,0,ISOLATED_BOUNDARY,"Dimba"
INTERNAL_PERSON_ID,KNOWN_REFERENCE_AFTER,4040,1,1,0,1,ISOLATED_BOUNDARY,"Édson Araújo"
INTERNAL_PERSON_ID,KNOWN_REFERENCE_AFTER,4107,1,1,0,1,ISOLATED_BOUNDARY,"Édson Araújo"
INTERNAL_PERSON_ID,KNOWN_REFERENCE_BEFORE,-4107,1,1,0,1,ISOLATED_BOUNDARY,"Édson Araújo"
PERSON_DATABASE_ID,KNOWN_REFERENCE_AFTER,4308,1,1,1,0,ISOLATED_BOUNDARY,"Júlio César Moraes"
PERSON_DATABASE_ID,KNOWN_REFERENCE_BEFORE,-4308,1,1,0,1,ISOLATED_BOUNDARY,"Rosinei"
PERSON_DATABASE_ID,KNOWN_REFERENCE_AFTER,4327,1,1,1,0,ISOLATED_BOUNDARY,"Douglas Silva"
INTERNAL_PERSON_ID,KNOWN_REFERENCE_BEFORE,-4327,1,1,0,1,ISOLATED_BOUNDARY,"Fábio Baiano"
INTERNAL_PERSON_ID,KNOWN_REFERENCE_AFTER,4523,1,1,0,1,ISOLATED_BOUNDARY,"Édson Araújo"
INTERNAL_PERSON_ID,KNOWN_REFERENCE_BEFORE,-4523,1,1,0,1,ISOLATED_BOUNDARY,"Édson Araújo"
PERSON_DATABASE_ID,KNOWN_REFERENCE_AFTER,4723,1,1,1,0,ISOLATED_BOUNDARY,"André Bahia"
INTERNAL_PERSON_ID,KNOWN_REFERENCE_BEFORE,-4723,1,1,0,1,ISOLATED_BOUNDARY,"Édson Araújo"
INTERNAL_PERSON_ID,KNOWN_REFERENCE_BEFORE,-4851,1,1,0,1,ISOLATED_BOUNDARY,"Édson Araújo"
PERSON_DATABASE_ID,KNOWN_REFERENCE_AFTER,4851,1,1,0,1,ISOLATED_BOUNDARY,"Fábio Costa"
INTERNAL_PERSON_ID,KNOWN_REFERENCE_AFTER,4911,1,1,0,1,ISOLATED_BOUNDARY,"Édson Araújo"
INTERNAL_PERSON_ID,KNOWN_REFERENCE_BEFORE,-4911,1,1,0,1,ISOLATED_BOUNDARY,"Édson Araújo"
INTERNAL_PERSON_ID,KNOWN_REFERENCE_AFTER,5267,1,1,0,1,ISOLATED_BOUNDARY,"Édson Araújo"
INTERNAL_PERSON_ID,KNOWN_REFERENCE_BEFORE,-5267,1,1,0,1,ISOLATED_BOUNDARY,"Édson Araújo"
PERSON_DATABASE_ID,KNOWN_REFERENCE_AFTER,5969,1,1,1,0,ISOLATED_BOUNDARY,"André Bahia"
PERSON_DATABASE_ID,KNOWN_REFERENCE_BEFORE,-5969,1,1,1,0,ISOLATED_BOUNDARY,"Júnior Baiano"
INTERNAL_PERSON_ID,KNOWN_REFERENCE_AFTER,6335,1,1,0,1,ISOLATED_BOUNDARY,"Édson Araújo"
INTERNAL_PERSON_ID,KNOWN_REFERENCE_BEFORE,-6335,1,1,0,1,ISOLATED_BOUNDARY,"Édson Araújo"
INTERNAL_PERSON_ID,KNOWN_REFERENCE_AFTER,6447,1,1,0,1,ISOLATED_BOUNDARY,"Édson Araújo"
INTERNAL_PERSON_ID,KNOWN_REFERENCE_BEFORE,-6447,1,1,0,1,ISOLATED_BOUNDARY,"Édson Araújo"
INTERNAL_PERSON_ID,KNOWN_REFERENCE_BEFORE,-6868,1,1,1,0,ISOLATED_BOUNDARY,"Andrezinho"
PERSON_DATABASE_ID,KNOWN_REFERENCE_AFTER,6868,1,1,0,1,ISOLATED_BOUNDARY,"Marcelo Magalhães"
PERSON_DATABASE_ID,KNOWN_REFERENCE_BEFORE,-7557,1,1,1,0,ISOLATED_BOUNDARY,"Fabiano Eller"
PERSON_DATABASE_ID,KNOWN_REFERENCE_AFTER,7557,1,1,0,1,ISOLATED_BOUNDARY,"Dinélson"
INTERNAL_PERSON_ID,KNOWN_REFERENCE_AFTER,7707,1,1,0,1,ISOLATED_BOUNDARY,"Édson Araújo"
INTERNAL_PERSON_ID,KNOWN_REFERENCE_BEFORE,-7707,1,1,0,1,ISOLATED_BOUNDARY,"Fábio Baiano"
PERSON_DATABASE_ID,KNOWN_REFERENCE_BEFORE,-8059,1,1,0,1,ISOLATED_BOUNDARY,"Édson Araújo"
PERSON_DATABASE_ID,KNOWN_REFERENCE_AFTER,8059,1,1,0,1,ISOLATED_BOUNDARY,"Luciano Ratinho"
PERSON_DATABASE_ID,KNOWN_REFERENCE_AFTER,8223,1,1,1,0,ISOLATED_BOUNDARY,"Júnior Baiano"
INTERNAL_PERSON_ID,KNOWN_REFERENCE_BEFORE,-8223,1,1,0,1,ISOLATED_BOUNDARY,"Fábio Costa"
INTERNAL_PERSON_ID,KNOWN_REFERENCE_BEFORE,-8460,1,1,0,1,ISOLATED_BOUNDARY,"Édson Araújo"
PERSON_DATABASE_ID,KNOWN_REFERENCE_AFTER,8460,1,1,0,1,ISOLATED_BOUNDARY,"Bruno Octávio"
INTERNAL_PERSON_ID,KNOWN_REFERENCE_AFTER,8742,1,1,0,1,ISOLATED_BOUNDARY,"Édson Araújo"
INTERNAL_PERSON_ID,KNOWN_REFERENCE_BEFORE,-8742,1,1,0,1,ISOLATED_BOUNDARY,"Édson Araújo"
PERSON_DATABASE_ID,KNOWN_REFERENCE_AFTER,9093,1,1,1,0,ISOLATED_BOUNDARY,"Andrezinho"
INTERNAL_PERSON_ID,KNOWN_REFERENCE_BEFORE,-9093,1,1,1,0,ISOLATED_BOUNDARY,"Dimba"
PERSON_DATABASE_ID,KNOWN_REFERENCE_BEFORE,-9228,1,1,1,0,ISOLATED_BOUNDARY,"Reginaldo Araújo"
PERSON_DATABASE_ID,KNOWN_REFERENCE_AFTER,9228,1,1,0,1,ISOLATED_BOUNDARY,"Bruno Octávio"
PERSON_DATABASE_ID,KNOWN_REFERENCE_AFTER,11306,1,1,0,1,ISOLATED_BOUNDARY,"Édson Araújo"
PERSON_DATABASE_ID,KNOWN_REFERENCE_BEFORE,-11306,1,1,0,1,ISOLATED_BOUNDARY,"Dinélson"
PERSON_DATABASE_ID,KNOWN_REFERENCE_BEFORE,-11791,1,1,1,0,ISOLATED_BOUNDARY,"Dimba"
PERSON_DATABASE_ID,KNOWN_REFERENCE_AFTER,11791,1,1,1,0,ISOLATED_BOUNDARY,"Reginaldo Araújo"
INTERNAL_PERSON_ID,KNOWN_REFERENCE_AFTER,11916,1,1,0,1,ISOLATED_BOUNDARY,"Rosinei"
INTERNAL_PERSON_ID,KNOWN_REFERENCE_BEFORE,-11916,1,1,0,1,ISOLATED_BOUNDARY,"Dinélson"
INTERNAL_PERSON_ID,KNOWN_REFERENCE_BEFORE,-12542,1,1,1,0,ISOLATED_BOUNDARY,"Reginaldo Araújo"
INTERNAL_PERSON_ID,KNOWN_REFERENCE_AFTER,12542,1,1,0,1,ISOLATED_BOUNDARY,"Édson Araújo"
INTERNAL_PERSON_ID,KNOWN_REFERENCE_BEFORE,-12869,1,1,1,0,ISOLATED_BOUNDARY,"Bruno Santos"
INTERNAL_PERSON_ID,KNOWN_REFERENCE_AFTER,12869,1,1,0,1,ISOLATED_BOUNDARY,"Édson Araújo"
PERSON_DATABASE_ID,KNOWN_REFERENCE_BEFORE,-13809,1,1,1,0,ISOLATED_BOUNDARY,"Júlio César Moraes"
PERSON_DATABASE_ID,KNOWN_REFERENCE_AFTER,13809,1,1,0,1,ISOLATED_BOUNDARY,"Marcelo Magalhães"
INTERNAL_PERSON_ID,KNOWN_REFERENCE_AFTER,13860,1,1,0,1,ISOLATED_BOUNDARY,"Édson Araújo"
INTERNAL_PERSON_ID,KNOWN_REFERENCE_BEFORE,-13860,1,1,0,1,ISOLATED_BOUNDARY,"Édson Araújo"
INTERNAL_PERSON_ID,KNOWN_REFERENCE_AFTER,14042,1,1,0,1,ISOLATED_BOUNDARY,"Édson Araújo"
INTERNAL_PERSON_ID,KNOWN_REFERENCE_BEFORE,-14042,1,1,0,1,ISOLATED_BOUNDARY,"Édson Araújo"
INTERNAL_PERSON_ID,KNOWN_REFERENCE_BEFORE,-14159,1,1,0,1,ISOLATED_BOUNDARY,"Édson Araújo"
PERSON_DATABASE_ID,KNOWN_REFERENCE_AFTER,14159,1,1,0,1,ISOLATED_BOUNDARY,"Fábio Baiano"
INTERNAL_PERSON_ID,KNOWN_REFERENCE_BEFORE,-14550,1,1,0,1,ISOLATED_BOUNDARY,"Édson Araújo"
INTERNAL_PERSON_ID,KNOWN_REFERENCE_AFTER,14550,1,1,0,1,ISOLATED_BOUNDARY,"Fábio Baiano"
PERSON_DATABASE_ID,KNOWN_REFERENCE_AFTER,16358,1,1,1,0,ISOLATED_BOUNDARY,"Reginaldo Araújo"
INTERNAL_PERSON_ID,KNOWN_REFERENCE_BEFORE,-16358,1,1,0,1,ISOLATED_BOUNDARY,"Édson Araújo"
INTERNAL_PERSON_ID,KNOWN_REFERENCE_BEFORE,-16417,1,1,1,0,ISOLATED_BOUNDARY,"Bruno Santos"
INTERNAL_PERSON_ID,KNOWN_REFERENCE_AFTER,16417,1,1,0,1,ISOLATED_BOUNDARY,"Édson Araújo"
INTERNAL_PERSON_ID,KNOWN_REFERENCE_AFTER,16620,1,1,0,1,ISOLATED_BOUNDARY,"Édson Araújo"
INTERNAL_PERSON_ID,KNOWN_REFERENCE_BEFORE,-16620,1,1,0,1,ISOLATED_BOUNDARY,"Édson Araújo"
INTERNAL_PERSON_ID,KNOWN_REFERENCE_BEFORE,-17471,1,1,0,1,ISOLATED_BOUNDARY,"Édson Araújo"
PERSON_DATABASE_ID,KNOWN_REFERENCE_AFTER,17471,1,1,0,1,ISOLATED_BOUNDARY,"Rosinei"
INTERNAL_PERSON_ID,KNOWN_REFERENCE_BEFORE,-17637,1,1,0,1,ISOLATED_BOUNDARY,"Fábio Baiano"
INTERNAL_PERSON_ID,KNOWN_REFERENCE_AFTER,17637,1,1,0,1,ISOLATED_BOUNDARY,"Fábio Costa"
INTERNAL_PERSON_ID,KNOWN_REFERENCE_AFTER,17743,1,1,0,1,ISOLATED_BOUNDARY,"Édson Araújo"
INTERNAL_PERSON_ID,KNOWN_REFERENCE_BEFORE,-17743,1,1,0,1,ISOLATED_BOUNDARY,"Édson Araújo"
INTERNAL_PERSON_ID,KNOWN_REFERENCE_AFTER,18110,1,1,1,0,ISOLATED_BOUNDARY,"Andrezinho"
INTERNAL_PERSON_ID,KNOWN_REFERENCE_BEFORE,-18110,1,1,0,1,ISOLATED_BOUNDARY,"Rosinei"
INTERNAL_PERSON_ID,KNOWN_REFERENCE_BEFORE,-18119,1,1,0,1,ISOLATED_BOUNDARY,"Fábio Baiano"
INTERNAL_PERSON_ID,KNOWN_REFERENCE_AFTER,18119,1,1,0,1,ISOLATED_BOUNDARY,"Fábio Costa"
INTERNAL_PERSON_ID,KNOWN_REFERENCE_BEFORE,-18235,1,1,0,1,ISOLATED_BOUNDARY,"Fábio Baiano"
INTERNAL_PERSON_ID,KNOWN_REFERENCE_AFTER,18235,1,1,0,1,ISOLATED_BOUNDARY,"Fábio Costa"
INTERNAL_PERSON_ID,KNOWN_REFERENCE_AFTER,18295,1,1,0,1,ISOLATED_BOUNDARY,"Édson Araújo"
INTERNAL_PERSON_ID,KNOWN_REFERENCE_BEFORE,-18295,1,1,0,1,ISOLATED_BOUNDARY,"Alessandro"
INTERNAL_PERSON_ID,KNOWN_REFERENCE_BEFORE,-18578,1,1,1,0,ISOLATED_BOUNDARY,"Douglas Silva"
PERSON_DATABASE_ID,KNOWN_REFERENCE_AFTER,18578,1,1,1,0,ISOLATED_BOUNDARY,"Fabiano Eller"
INTERNAL_PERSON_ID,KNOWN_REFERENCE_BEFORE,-18666,1,1,0,1,ISOLATED_BOUNDARY,"Édson Araújo"
PERSON_DATABASE_ID,KNOWN_REFERENCE_AFTER,18666,1,1,0,1,ISOLATED_BOUNDARY,"Alessandro"
INTERNAL_PERSON_ID,KNOWN_REFERENCE_AFTER,19190,1,1,0,1,ISOLATED_BOUNDARY,"Édson Araújo"
INTERNAL_PERSON_ID,KNOWN_REFERENCE_BEFORE,-19190,1,1,0,1,ISOLATED_BOUNDARY,"Rosinei"
PERSON_DATABASE_ID,KNOWN_REFERENCE_AFTER,19466,1,1,1,0,ISOLATED_BOUNDARY,"Bruno Santos"
INTERNAL_PERSON_ID,KNOWN_REFERENCE_BEFORE,-19466,1,1,0,1,ISOLATED_BOUNDARY,"Bruno Octávio"
INTERNAL_PERSON_ID,KNOWN_REFERENCE_BEFORE,-19801,1,1,1,0,ISOLATED_BOUNDARY,"Júnior Baiano"
PERSON_DATABASE_ID,KNOWN_REFERENCE_AFTER,19801,1,1,0,1,ISOLATED_BOUNDARY,"Luciano Ratinho"
INTERNAL_PERSON_ID,KNOWN_REFERENCE_AFTER,21370,1,1,1,0,ISOLATED_BOUNDARY,"Bruno Santos"
INTERNAL_PERSON_ID,KNOWN_REFERENCE_BEFORE,-21370,1,1,0,1,ISOLATED_BOUNDARY,"Édson Araújo"
INTERNAL_PERSON_ID,KNOWN_REFERENCE_AFTER,21769,1,1,0,1,ISOLATED_BOUNDARY,"Édson Araújo"
INTERNAL_PERSON_ID,KNOWN_REFERENCE_BEFORE,-21769,1,1,0,1,ISOLATED_BOUNDARY,"Édson Araújo"
INTERNAL_PERSON_ID,KNOWN_REFERENCE_BEFORE,-22916,1,1,1,0,ISOLATED_BOUNDARY,"Fabiano Eller"
INTERNAL_PERSON_ID,KNOWN_REFERENCE_AFTER,22916,1,1,0,1,ISOLATED_BOUNDARY,"Édson Araújo"
INTERNAL_PERSON_ID,KNOWN_REFERENCE_BEFORE,-24728,1,1,0,1,ISOLATED_BOUNDARY,"Fábio Baiano"
INTERNAL_PERSON_ID,KNOWN_REFERENCE_AFTER,24728,1,1,0,1,ISOLATED_BOUNDARY,"Fábio Costa"
INTERNAL_PERSON_ID,KNOWN_REFERENCE_AFTER,24766,1,1,0,1,ISOLATED_BOUNDARY,"Édson Araújo"
INTERNAL_PERSON_ID,KNOWN_REFERENCE_BEFORE,-24766,1,1,0,1,ISOLATED_BOUNDARY,"Édson Araújo"
INTERNAL_PERSON_ID,KNOWN_REFERENCE_AFTER,25607,1,1,0,1,ISOLATED_BOUNDARY,"Édson Araújo"
INTERNAL_PERSON_ID,KNOWN_REFERENCE_BEFORE,-25607,1,1,0,1,ISOLATED_BOUNDARY,"Édson Araújo"
INTERNAL_PERSON_ID,KNOWN_REFERENCE_AFTER,25773,1,1,0,1,ISOLATED_BOUNDARY,"Édson Araújo"
INTERNAL_PERSON_ID,KNOWN_REFERENCE_BEFORE,-25773,1,1,0,1,ISOLATED_BOUNDARY,"Fábio Costa"
INTERNAL_PERSON_ID,KNOWN_REFERENCE_AFTER,26375,1,1,0,1,ISOLATED_BOUNDARY,"Édson Araújo"
INTERNAL_PERSON_ID,KNOWN_REFERENCE_BEFORE,-26375,1,1,0,1,ISOLATED_BOUNDARY,"Édson Araújo"
INTERNAL_PERSON_ID,KNOWN_REFERENCE_AFTER,26380,1,1,0,1,ISOLATED_BOUNDARY,"Édson Araújo"
INTERNAL_PERSON_ID,KNOWN_REFERENCE_BEFORE,-26380,1,1,0,1,ISOLATED_BOUNDARY,"Édson Araújo"
PERSON_DATABASE_ID,KNOWN_REFERENCE_BEFORE,-27137,1,1,0,1,ISOLATED_BOUNDARY,"Bruno Octávio"
INTERNAL_PERSON_ID,KNOWN_REFERENCE_BEFORE,-27536,1,1,0,1,ISOLATED_BOUNDARY,"Fábio Baiano"
INTERNAL_PERSON_ID,KNOWN_REFERENCE_AFTER,27536,1,1,0,1,ISOLATED_BOUNDARY,"Fábio Costa"
INTERNAL_PERSON_ID,KNOWN_REFERENCE_AFTER,28380,1,1,0,1,ISOLATED_BOUNDARY,"Édson Araújo"
INTERNAL_PERSON_ID,KNOWN_REFERENCE_BEFORE,-28380,1,1,0,1,ISOLATED_BOUNDARY,"Édson Araújo"
INTERNAL_PERSON_ID,KNOWN_REFERENCE_AFTER,28459,1,1,1,0,ISOLATED_BOUNDARY,"Douglas Silva"
INTERNAL_PERSON_ID,KNOWN_REFERENCE_BEFORE,-28459,1,1,0,1,ISOLATED_BOUNDARY,"Édson Araújo"
INTERNAL_PERSON_ID,KNOWN_REFERENCE_AFTER,29724,1,1,0,1,ISOLATED_BOUNDARY,"Édson Araújo"
INTERNAL_PERSON_ID,KNOWN_REFERENCE_BEFORE,-29724,1,1,0,1,ISOLATED_BOUNDARY,"Édson Araújo"
INTERNAL_PERSON_ID,KNOWN_REFERENCE_BEFORE,-30135,1,1,1,0,ISOLATED_BOUNDARY,"Bruno Santos"
INTERNAL_PERSON_ID,KNOWN_REFERENCE_AFTER,30135,1,1,1,0,ISOLATED_BOUNDARY,"Douglas Silva"
INTERNAL_PERSON_ID,KNOWN_REFERENCE_BEFORE,-30701,1,1,1,0,ISOLATED_BOUNDARY,"Bruno Santos"
INTERNAL_PERSON_ID,KNOWN_REFERENCE_AFTER,30701,1,1,1,0,ISOLATED_BOUNDARY,"Douglas Silva"
INTERNAL_PERSON_ID,KNOWN_REFERENCE_AFTER,30800,1,1,0,1,ISOLATED_BOUNDARY,"Édson Araújo"
INTERNAL_PERSON_ID,KNOWN_REFERENCE_BEFORE,-30800,1,1,0,1,ISOLATED_BOUNDARY,"Édson Araújo"
INTERNAL_PERSON_ID,KNOWN_REFERENCE_BEFORE,-31115,1,1,1,0,ISOLATED_BOUNDARY,"Bruno Santos"
INTERNAL_PERSON_ID,KNOWN_REFERENCE_AFTER,31115,1,1,1,0,ISOLATED_BOUNDARY,"Douglas Silva"
INTERNAL_PERSON_ID,KNOWN_REFERENCE_BEFORE,-31196,1,1,1,0,ISOLATED_BOUNDARY,"Douglas Silva"
INTERNAL_PERSON_ID,KNOWN_REFERENCE_AFTER,31196,1,1,0,1,ISOLATED_BOUNDARY,"Fábio Baiano"
PERSON_DATABASE_ID,KNOWN_REFERENCE_AFTER,31429,1,1,1,0,ISOLATED_BOUNDARY,"Dimba"
PERSON_DATABASE_ID,KNOWN_REFERENCE_BEFORE,-31429,1,1,0,1,ISOLATED_BOUNDARY,"Rosinei"
INTERNAL_PERSON_ID,KNOWN_REFERENCE_BEFORE,-31432,1,1,1,0,ISOLATED_BOUNDARY,"Douglas Silva"
INTERNAL_PERSON_ID,KNOWN_REFERENCE_AFTER,31432,1,1,0,1,ISOLATED_BOUNDARY,"Fábio Baiano"
INTERNAL_PERSON_ID,KNOWN_REFERENCE_BEFORE,-31500,1,1,1,0,ISOLATED_BOUNDARY,"Douglas Silva"
INTERNAL_PERSON_ID,KNOWN_REFERENCE_AFTER,31500,1,1,0,1,ISOLATED_BOUNDARY,"Fábio Baiano"
PERSON_DATABASE_ID,KNOWN_REFERENCE_AFTER,32210,1,1,0,1,ISOLATED_BOUNDARY,"Rosinei"
INTERNAL_PERSON_ID,KNOWN_REFERENCE_AFTER,32263,1,1,0,1,ISOLATED_BOUNDARY,"Édson Araújo"
INTERNAL_PERSON_ID,KNOWN_REFERENCE_BEFORE,-32263,1,1,0,1,ISOLATED_BOUNDARY,"Édson Araújo"
INTERNAL_PERSON_ID,KNOWN_REFERENCE_AFTER,32861,1,1,0,1,ISOLATED_BOUNDARY,"Édson Araújo"
INTERNAL_PERSON_ID,KNOWN_REFERENCE_BEFORE,-32861,1,1,0,1,ISOLATED_BOUNDARY,"Édson Araújo"
INTERNAL_PERSON_ID,KNOWN_REFERENCE_AFTER,33005,1,1,0,1,ISOLATED_BOUNDARY,"Édson Araújo"
INTERNAL_PERSON_ID,KNOWN_REFERENCE_BEFORE,-33005,1,1,0,1,ISOLATED_BOUNDARY,"Édson Araújo"
INTERNAL_PERSON_ID,KNOWN_REFERENCE_AFTER,33234,1,1,0,1,ISOLATED_BOUNDARY,"Édson Araújo"
INTERNAL_PERSON_ID,KNOWN_REFERENCE_BEFORE,-33234,1,1,0,1,ISOLATED_BOUNDARY,"Édson Araújo"
INTERNAL_PERSON_ID,KNOWN_REFERENCE_AFTER,33684,1,1,0,1,ISOLATED_BOUNDARY,"Édson Araújo"
INTERNAL_PERSON_ID,KNOWN_REFERENCE_BEFORE,-33684,1,1,0,1,ISOLATED_BOUNDARY,"Édson Araújo"
INTERNAL_PERSON_ID,KNOWN_REFERENCE_AFTER,34853,1,1,0,1,ISOLATED_BOUNDARY,"Édson Araújo"
INTERNAL_PERSON_ID,KNOWN_REFERENCE_BEFORE,-34853,1,1,0,1,ISOLATED_BOUNDARY,"Dinélson"
INTERNAL_PERSON_ID,KNOWN_REFERENCE_AFTER,35542,1,1,0,1,ISOLATED_BOUNDARY,"Édson Araújo"
INTERNAL_PERSON_ID,KNOWN_REFERENCE_BEFORE,-35542,1,1,0,1,ISOLATED_BOUNDARY,"Fábio Costa"
INTERNAL_PERSON_ID,KNOWN_REFERENCE_AFTER,37669,1,1,1,0,ISOLATED_BOUNDARY,"Douglas Silva"
INTERNAL_PERSON_ID,KNOWN_REFERENCE_BEFORE,-37669,1,1,0,1,ISOLATED_BOUNDARY,"Édson Araújo"
INTERNAL_PERSON_ID,KNOWN_REFERENCE_AFTER,38227,1,1,0,1,ISOLATED_BOUNDARY,"Édson Araújo"
INTERNAL_PERSON_ID,KNOWN_REFERENCE_BEFORE,-38227,1,1,0,1,ISOLATED_BOUNDARY,"Édson Araújo"
INTERNAL_PERSON_ID,KNOWN_REFERENCE_AFTER,38801,1,1,0,1,ISOLATED_BOUNDARY,"Édson Araújo"
INTERNAL_PERSON_ID,KNOWN_REFERENCE_BEFORE,-38801,1,1,0,1,ISOLATED_BOUNDARY,"Marcelo Magalhães"
INTERNAL_PERSON_ID,KNOWN_REFERENCE_BEFORE,-39321,1,1,1,0,ISOLATED_BOUNDARY,"Douglas Silva"
INTERNAL_PERSON_ID,KNOWN_REFERENCE_AFTER,39321,1,1,0,1,ISOLATED_BOUNDARY,"Édson Araújo"
PERSON_DATABASE_ID,KNOWN_REFERENCE_AFTER,42288,1,1,1,0,ISOLATED_BOUNDARY,"Dimba"
INTERNAL_PERSON_ID,KNOWN_REFERENCE_BEFORE,-42288,1,1,0,1,ISOLATED_BOUNDARY,"Édson Araújo"
INTERNAL_PERSON_ID,KNOWN_REFERENCE_BEFORE,-42306,1,1,0,1,ISOLATED_BOUNDARY,"Édson Araújo"
PERSON_DATABASE_ID,KNOWN_REFERENCE_AFTER,42306,1,1,0,1,ISOLATED_BOUNDARY,"Dinélson"
INTERNAL_PERSON_ID,KNOWN_REFERENCE_BEFORE,-46313,1,1,1,0,ISOLATED_BOUNDARY,"Bruno Santos"
INTERNAL_PERSON_ID,KNOWN_REFERENCE_AFTER,46313,1,1,0,1,ISOLATED_BOUNDARY,"Fábio Baiano"
INTERNAL_PERSON_ID,KNOWN_REFERENCE_BEFORE,-48782,1,1,1,0,ISOLATED_BOUNDARY,"Júlio César Moraes"
INTERNAL_PERSON_ID,KNOWN_REFERENCE_AFTER,48782,1,1,0,1,ISOLATED_BOUNDARY,"Fábio Costa"
INTERNAL_PERSON_ID,KNOWN_REFERENCE_AFTER,50714,1,1,0,1,ISOLATED_BOUNDARY,"Édson Araújo"
INTERNAL_PERSON_ID,KNOWN_REFERENCE_BEFORE,-50714,1,1,0,1,ISOLATED_BOUNDARY,"Luciano Ratinho"
INTERNAL_PERSON_ID,KNOWN_REFERENCE_AFTER,51381,1,1,0,1,ISOLATED_BOUNDARY,"Édson Araújo"
INTERNAL_PERSON_ID,KNOWN_REFERENCE_BEFORE,-51381,1,1,0,1,ISOLATED_BOUNDARY,"Rosinei"
INTERNAL_PERSON_ID,KNOWN_REFERENCE_AFTER,52021,1,1,0,1,ISOLATED_BOUNDARY,"Édson Araújo"
INTERNAL_PERSON_ID,KNOWN_REFERENCE_BEFORE,-52021,1,1,0,1,ISOLATED_BOUNDARY,"Édson Araújo"
INTERNAL_PERSON_ID,KNOWN_REFERENCE_AFTER,52069,1,1,0,1,ISOLATED_BOUNDARY,"Édson Araújo"
INTERNAL_PERSON_ID,KNOWN_REFERENCE_BEFORE,-52069,1,1,0,1,ISOLATED_BOUNDARY,"Édson Araújo"
INTERNAL_PERSON_ID,KNOWN_REFERENCE_AFTER,52615,1,1,0,1,ISOLATED_BOUNDARY,"Édson Araújo"
INTERNAL_PERSON_ID,KNOWN_REFERENCE_BEFORE,-52615,1,1,0,1,ISOLATED_BOUNDARY,"Édson Araújo"
INTERNAL_PERSON_ID,KNOWN_REFERENCE_AFTER,53482,1,1,0,1,ISOLATED_BOUNDARY,"Édson Araújo"
INTERNAL_PERSON_ID,KNOWN_REFERENCE_BEFORE,-53482,1,1,0,1,ISOLATED_BOUNDARY,"Édson Araújo"
INTERNAL_PERSON_ID,KNOWN_REFERENCE_AFTER,55147,1,1,0,1,ISOLATED_BOUNDARY,"Édson Araújo"
INTERNAL_PERSON_ID,KNOWN_REFERENCE_BEFORE,-55147,1,1,0,1,ISOLATED_BOUNDARY,"Édson Araújo"
INTERNAL_PERSON_ID,KNOWN_REFERENCE_BEFORE,-59510,1,1,1,0,ISOLATED_BOUNDARY,"Douglas Silva"
INTERNAL_PERSON_ID,KNOWN_REFERENCE_AFTER,59510,1,1,0,1,ISOLATED_BOUNDARY,"Fábio Baiano"
INTERNAL_PERSON_ID,KNOWN_REFERENCE_AFTER,62633,1,1,1,0,ISOLATED_BOUNDARY,"Bruno Santos"
INTERNAL_PERSON_ID,KNOWN_REFERENCE_BEFORE,-62633,1,1,0,1,ISOLATED_BOUNDARY,"Édson Araújo"
INTERNAL_PERSON_ID,KNOWN_REFERENCE_AFTER,71758,1,1,0,1,ISOLATED_BOUNDARY,"Édson Araújo"
INTERNAL_PERSON_ID,KNOWN_REFERENCE_BEFORE,-71758,1,1,0,1,ISOLATED_BOUNDARY,"Édson Araújo"
PERSON_DATABASE_ID,KNOWN_REFERENCE_AFTER,75226,1,1,1,0,ISOLATED_BOUNDARY,"Júlio César Moraes"
INTERNAL_PERSON_ID,KNOWN_REFERENCE_BEFORE,-75226,1,1,0,1,ISOLATED_BOUNDARY,"Fábio Baiano"
INTERNAL_PERSON_ID,KNOWN_REFERENCE_BEFORE,-76739,1,1,1,0,ISOLATED_BOUNDARY,"Bruno Santos"
INTERNAL_PERSON_ID,KNOWN_REFERENCE_AFTER,76739,1,1,0,1,ISOLATED_BOUNDARY,"Édson Araújo"
INTERNAL_PERSON_ID,KNOWN_REFERENCE_AFTER,77441,1,1,0,1,ISOLATED_BOUNDARY,"Édson Araújo"
INTERNAL_PERSON_ID,KNOWN_REFERENCE_BEFORE,-77441,1,1,0,1,ISOLATED_BOUNDARY,"Édson Araújo"
INTERNAL_PERSON_ID,KNOWN_REFERENCE_AFTER,81728,1,1,0,1,ISOLATED_BOUNDARY,"Édson Araújo"
INTERNAL_PERSON_ID,KNOWN_REFERENCE_BEFORE,-81728,1,1,0,1,ISOLATED_BOUNDARY,"Édson Araújo"
INTERNAL_PERSON_ID,KNOWN_REFERENCE_AFTER,83592,1,1,0,1,ISOLATED_BOUNDARY,"Édson Araújo"
INTERNAL_PERSON_ID,KNOWN_REFERENCE_BEFORE,-83592,1,1,0,1,ISOLATED_BOUNDARY,"Édson Araújo"
INTERNAL_PERSON_ID,KNOWN_REFERENCE_AFTER,90749,1,1,1,0,ISOLATED_BOUNDARY,"Bruno Santos"
INTERNAL_PERSON_ID,KNOWN_REFERENCE_BEFORE,-90749,1,1,0,1,ISOLATED_BOUNDARY,"Édson Araújo"
INTERNAL_PERSON_ID,KNOWN_REFERENCE_AFTER,91569,1,1,0,1,ISOLATED_BOUNDARY,"Édson Araújo"
INTERNAL_PERSON_ID,KNOWN_REFERENCE_BEFORE,-91569,1,1,0,1,ISOLATED_BOUNDARY,"Édson Araújo"
INTERNAL_PERSON_ID,KNOWN_REFERENCE_AFTER,93979,1,1,1,0,ISOLATED_BOUNDARY,"Bruno Santos"
INTERNAL_PERSON_ID,KNOWN_REFERENCE_BEFORE,-93979,1,1,0,1,ISOLATED_BOUNDARY,"Édson Araújo"
INTERNAL_PERSON_ID,KNOWN_REFERENCE_BEFORE,-96533,1,1,1,0,ISOLATED_BOUNDARY,"André Bahia"
PERSON_DATABASE_ID,KNOWN_REFERENCE_AFTER,96533,1,1,0,1,ISOLATED_BOUNDARY,"Édson Araújo"
INTERNAL_PERSON_ID,KNOWN_REFERENCE_AFTER,112425,1,1,0,1,ISOLATED_BOUNDARY,"Édson Araújo"
INTERNAL_PERSON_ID,KNOWN_REFERENCE_BEFORE,-112425,1,1,0,1,ISOLATED_BOUNDARY,"Édson Araújo"
INTERNAL_PERSON_ID,KNOWN_REFERENCE_AFTER,118420,1,1,0,1,ISOLATED_BOUNDARY,"Édson Araújo"
INTERNAL_PERSON_ID,KNOWN_REFERENCE_BEFORE,-118420,1,1,0,1,ISOLATED_BOUNDARY,"Édson Araújo"
INTERNAL_PERSON_ID,KNOWN_REFERENCE_AFTER,125107,1,1,0,1,ISOLATED_BOUNDARY,"Édson Araújo"
INTERNAL_PERSON_ID,KNOWN_REFERENCE_BEFORE,-125107,1,1,0,1,ISOLATED_BOUNDARY,"Édson Araújo"
INTERNAL_PERSON_ID,KNOWN_REFERENCE_AFTER,126003,1,1,0,1,ISOLATED_BOUNDARY,"Édson Araújo"
INTERNAL_PERSON_ID,KNOWN_REFERENCE_BEFORE,-126003,1,1,0,1,ISOLATED_BOUNDARY,"Édson Araújo"
INTERNAL_PERSON_ID,KNOWN_REFERENCE_AFTER,128606,1,1,0,1,ISOLATED_BOUNDARY,"Édson Araújo"
INTERNAL_PERSON_ID,KNOWN_REFERENCE_BEFORE,-128606,1,1,0,1,ISOLATED_BOUNDARY,"Édson Araújo"
INTERNAL_PERSON_ID,KNOWN_REFERENCE_AFTER,129243,1,1,0,1,ISOLATED_BOUNDARY,"Édson Araújo"
INTERNAL_PERSON_ID,KNOWN_REFERENCE_BEFORE,-129243,1,1,0,1,ISOLATED_BOUNDARY,"Édson Araújo"
INTERNAL_PERSON_ID,KNOWN_REFERENCE_AFTER,130410,1,1,0,1,ISOLATED_BOUNDARY,"Édson Araújo"
INTERNAL_PERSON_ID,KNOWN_REFERENCE_BEFORE,-130410,1,1,0,1,ISOLATED_BOUNDARY,"Édson Araújo"
PERSON_DATABASE_ID,KNOWN_REFERENCE_AFTER,141622,1,1,1,0,ISOLATED_BOUNDARY,"Reginaldo Araújo"
INTERNAL_PERSON_ID,KNOWN_REFERENCE_BEFORE,-141622,1,1,0,1,ISOLATED_BOUNDARY,"Édson Araújo"
INTERNAL_PERSON_ID,KNOWN_REFERENCE_BEFORE,-146003,1,1,0,1,ISOLATED_BOUNDARY,"Édson Araújo"
INTERNAL_PERSON_ID,KNOWN_REFERENCE_AFTER,154255,1,1,0,1,ISOLATED_BOUNDARY,"Édson Araújo"
INTERNAL_PERSON_ID,KNOWN_REFERENCE_BEFORE,-154255,1,1,0,1,ISOLATED_BOUNDARY,"Édson Araújo"
INTERNAL_PERSON_ID,KNOWN_REFERENCE_AFTER,164108,1,1,1,0,ISOLATED_BOUNDARY,"Bruno Santos"
INTERNAL_PERSON_ID,KNOWN_REFERENCE_BEFORE,-164108,1,1,0,1,ISOLATED_BOUNDARY,"Édson Araújo"
INTERNAL_PERSON_ID,KNOWN_REFERENCE_AFTER,191905,1,1,0,1,ISOLATED_BOUNDARY,"Édson Araújo"
INTERNAL_PERSON_ID,KNOWN_REFERENCE_BEFORE,-191905,1,1,0,1,ISOLATED_BOUNDARY,"Édson Araújo"
INTERNAL_PERSON_ID,KNOWN_REFERENCE_AFTER,203172,1,1,0,1,ISOLATED_BOUNDARY,"Édson Araújo"
INTERNAL_PERSON_ID,KNOWN_REFERENCE_BEFORE,-203172,1,1,0,1,ISOLATED_BOUNDARY,"Édson Araújo"
INTERNAL_PERSON_ID,KNOWN_REFERENCE_AFTER,234683,1,1,0,1,ISOLATED_BOUNDARY,"Édson Araújo"
INTERNAL_PERSON_ID,KNOWN_REFERENCE_BEFORE,-234683,1,1,0,1,ISOLATED_BOUNDARY,"Édson Araújo"
INTERNAL_PERSON_ID,KNOWN_REFERENCE_AFTER,302027,1,1,0,1,ISOLATED_BOUNDARY,"Édson Araújo"
INTERNAL_PERSON_ID,KNOWN_REFERENCE_BEFORE,-302027,1,1,0,1,ISOLATED_BOUNDARY,"Fábio Costa"
INTERNAL_PERSON_ID,KNOWN_REFERENCE_AFTER,309123,1,1,0,1,ISOLATED_BOUNDARY,"Édson Araújo"
INTERNAL_PERSON_ID,KNOWN_REFERENCE_BEFORE,-309123,1,1,0,1,ISOLATED_BOUNDARY,"Fábio Costa"
INTERNAL_PERSON_ID,KNOWN_REFERENCE_BEFORE,-317694,1,1,1,0,ISOLATED_BOUNDARY,"Bruno Santos"
INTERNAL_PERSON_ID,KNOWN_REFERENCE_AFTER,317694,1,1,0,1,ISOLATED_BOUNDARY,"Édson Araújo"
INTERNAL_PERSON_ID,KNOWN_REFERENCE_AFTER,363313,1,1,0,1,ISOLATED_BOUNDARY,"Édson Araújo"
INTERNAL_PERSON_ID,KNOWN_REFERENCE_AFTER,397515,1,1,0,1,ISOLATED_BOUNDARY,"Édson Araújo"
INTERNAL_PERSON_ID,KNOWN_REFERENCE_BEFORE,-397515,1,1,0,1,ISOLATED_BOUNDARY,"Fábio Costa"
PERSON_DATABASE_ID,KNOWN_REFERENCE_BEFORE,-551236,1,1,1,0,ISOLATED_BOUNDARY,"Dimba"
INTERNAL_PERSON_ID,KNOWN_REFERENCE_AFTER,551236,1,1,0,1,ISOLATED_BOUNDARY,"Bruno Octávio"
INTERNAL_PERSON_ID,KNOWN_REFERENCE_AFTER,626266,1,1,0,1,ISOLATED_BOUNDARY,"Édson Araújo"
INTERNAL_PERSON_ID,KNOWN_REFERENCE_BEFORE,-626266,1,1,0,1,ISOLATED_BOUNDARY,"Édson Araújo"
INTERNAL_PERSON_ID,KNOWN_REFERENCE_AFTER,1374144,1,1,1,0,ISOLATED_BOUNDARY,"Bruno Santos"
INTERNAL_PERSON_ID,KNOWN_REFERENCE_AFTER,1376442,1,1,1,0,ISOLATED_BOUNDARY,"Bruno Santos"
INTERNAL_PERSON_ID,KNOWN_REFERENCE_BEFORE,-1376442,1,1,0,1,ISOLATED_BOUNDARY,"Édson Araújo"
