relative_offset,data_type,player_count,distinct_value_count,expected_id_match_count,expected_id_match_rate,assessment,values
36,UINT32,9,9,1,0.111111,CAMPO_VARIAVEL,"189 | 1536 | 65536 | 8832815 | 184549380 | 1234108416 | 1534787584 | 1547304960 | 1862296320"
44,UINT32,9,9,1,0.111111,CAMPO_VARIAVEL,"11026 | 3300780 | 1241513984 | 1308622848 | 1409286144 | 1627407104 | 1627408896 | 1946184704 | 3808456448"
48,UINT32,9,9,1,0.111111,CAMPO_VARIAVEL,"1792 | 8825041 | 536899328 | 1627417856 | 1845522176 | 1862300672 | 1929404672 | 1946187008 | 3808456448"
0,UINT32,9,7,0,0.000000,SEM_PADRAO,"6357062 | 6619218 | 6881348 | 7209025 | 7274564 | 7471170 | 16384074"
0,UINT16,9,6,0,0.000000,SEM_PADRAO,"65 | 66 | 68 | 70 | 74 | 82"
0,BYTE,9,6,0,0.000000,SEM_PADRAO,"65 | 66 | 68 | 70 | 74 | 82"
-1,BYTE,9,1,0,0.000000,CAMPO_CONSTANTE,"0"
1,BYTE,9,1,0,0.000000,CAMPO_CONSTANTE,"0"
-2,UINT16,9,1,0,0.000000,CAMPO_CONSTANTE,"0"
-2,BYTE,9,1,0,0.000000,CAMPO_CONSTANTE,"0"
2,UINT16,9,7,0,0.000000,SEM_PADRAO,"97 | 101 | 105 | 110 | 111 | 114 | 250"
2,BYTE,9,7,0,0.000000,SEM_PADRAO,"97 | 101 | 105 | 110 | 111 | 114 | 250"
-3,BYTE,9,1,0,0.000000,CAMPO_CONSTANTE,"0"
3,BYTE,9,1,0,0.000000,CAMPO_CONSTANTE,"0"
-4,UINT32,9,7,0,0.000000,SEM_PADRAO,"5 | 10 | 11 | 12 | 13 | 16 | 18"
-4,UINT16,9,7,0,0.000000,SEM_PADRAO,"5 | 10 | 11 | 12 | 13 | 16 | 18"
-4,BYTE,9,7,0,0.000000,SEM_PADRAO,"5 | 10 | 11 | 12 | 13 | 16 | 18"
4,UINT32,9,8,0,0.000000,SEM_PADRAO,"6422637 | 6750325 | 6881378 | 6881383 | 6881388 | 6881390 | 7209077 | 7471204"
4,UINT16,9,7,0,0.000000,SEM_PADRAO,"98 | 100 | 103 | 108 | 109 | 110 | 117"
4,BYTE,9,7,0,0.000000,SEM_PADRAO,"98 | 100 | 103 | 108 | 109 | 110 | 117"
-5,BYTE,9,1,0,0.000000,CAMPO_CONSTANTE,"0"
5,BYTE,9,1,0,0.000000,CAMPO_CONSTANTE,"0"
-6,UINT16,9,1,0,0.000000,CAMPO_CONSTANTE,"0"
-6,BYTE,9,1,0,0.000000,CAMPO_CONSTANTE,"0"
6,UINT16,9,5,0,0.000000,SEM_PADRAO,"98 | 103 | 105 | 110 | 114"
6,BYTE,9,5,0,0.000000,SEM_PADRAO,"98 | 103 | 105 | 110 | 114"
-7,BYTE,9,4,0,0.000000,SEM_PADRAO,"4 | 50 | 105 | 134"
7,BYTE,9,1,0,0.000000,CAMPO_CONSTANTE,"0"
-8,UINT32,9,8,0,0.000000,SEM_PADRAO,"1184 | 1230 | 1244 | 12891 | 12892 | 26953 | 34472 | 34503"
-8,UINT16,9,8,0,0.000000,SEM_PADRAO,"1184 | 1230 | 1244 | 12891 | 12892 | 26953 | 34472 | 34503"
-8,BYTE,9,8,0,0.000000,SEM_PADRAO,"73 | 91 | 92 | 160 | 168 | 199 | 206 | 220"
8,UINT32,9,8,0,0.000000,SEM_PADRAO,"97 | 2097263 | 2097385 | 6357100 | 6357102 | 7209057 | 7471215 | 7995493"
8,UINT16,9,6,0,0.000000,SEM_PADRAO,"97 | 101 | 108 | 110 | 111 | 233"
8,BYTE,9,6,0,0.000000,SEM_PADRAO,"97 | 101 | 108 | 110 | 111 | 233"
-9,BYTE,9,9,0,0.000000,CAMPO_VARIAVEL,"41 | 57 | 84 | 120 | 132 | 148 | 207 | 229 | 239"
9,BYTE,9,1,0,0.000000,CAMPO_CONSTANTE,"0"
-10,UINT16,9,9,0,0.000000,CAMPO_VARIAVEL,"10496 | 14592 | 21504 | 30720 | 33792 | 37888 | 52992 | 58624 | 61184"
-10,BYTE,9,1,0,0.000000,CAMPO_CONSTANTE,"0"
10,UINT16,9,6,0,0.000000,SEM_PADRAO,"0 | 32 | 97 | 110 | 114 | 122"
10,BYTE,9,6,0,0.000000,SEM_PADRAO,"0 | 32 | 97 | 110 | 114 | 122"
-11,BYTE,9,1,0,0.000000,CAMPO_CONSTANTE,"0"
11,BYTE,9,1,0,0.000000,CAMPO_CONSTANTE,"0"
-12,UINT32,9,9,0,0.000000,CAMPO_VARIAVEL,"687865899 | 956301352 | 1409286185 | 2013265960 | 2214592546 | 2483028005 | 3472883755 | 3841982504 | 4009754661"
-12,UINT16,9,5,0,0.000000,SEM_PADRAO,"34 | 37 | 40 | 41 | 43"
-12,BYTE,9,5,0,0.000000,SEM_PADRAO,"34 | 37 | 40 | 41 | 43"
12,UINT32,9,9,0,0.000000,CAMPO_VARIAVEL,"2097263 | 2097267 | 4325408 | 6357058 | 6357075 | 6553708 | 7209065 | 12386305 | 15269955"
12,UINT16,9,9,0,0.000000,CAMPO_VARIAVEL,"1 | 32 | 66 | 67 | 83 | 105 | 108 | 111 | 115"
12,BYTE,9,9,0,0.000000,CAMPO_VARIAVEL,"1 | 32 | 66 | 67 | 83 | 105 | 108 | 111 | 115"
-13,BYTE,9,9,0,0.000000,CAMPO_VARIAVEL,"6 | 14 | 17 | 80 | 108 | 157 | 162 | 189 | 201"
13,BYTE,9,1,0,0.000000,CAMPO_CONSTANTE,"0"
-14,UINT16,9,9,0,0.000000,CAMPO_VARIAVEL,"1536 | 3584 | 4352 | 20480 | 27648 | 40192 | 41472 | 48384 | 51456"
-14,BYTE,9,1,0,0.000000,CAMPO_CONSTANTE,"0"
14,UINT16,9,7,0,0.000000,SEM_PADRAO,"32 | 66 | 97 | 100 | 110 | 189 | 233"
14,BYTE,9,7,0,0.000000,SEM_PADRAO,"32 | 66 | 97 | 100 | 110 | 189 | 233"
-15,BYTE,9,1,0,0.000000,CAMPO_CONSTANTE,"0"
15,BYTE,9,1,0,0.000000,CAMPO_CONSTANTE,"0"
-16,UINT32,9,9,0,0.000000,CAMPO_VARIAVEL,"100663296 | 234881024 | 285212672 | 1342177280 | 1811939328 | 2634022912 | 2717908992 | 3170893824 | 3372220416"
-16,UINT16,9,1,0,0.000000,CAMPO_CONSTANTE,"0"
-16,BYTE,9,1,0,0.000000,CAMPO_CONSTANTE,"0"
16,UINT32,9,9,0,0.000000,CAMPO_VARIAVEL,"2097263 | 6357107 | 6881363 | 6881377 | 6881384 | 7077957 | 7274600 | 7602286 | 700317696"
16,UINT16,9,8,0,0.000000,SEM_PADRAO,"0 | 69 | 83 | 97 | 104 | 110 | 111 | 115"
16,BYTE,9,8,0,0.000000,SEM_PADRAO,"0 | 69 | 83 | 97 | 104 | 110 | 111 | 115"
-17,BYTE,9,1,0,0.000000,CAMPO_CONSTANTE,"189"
17,BYTE,9,1,0,0.000000,CAMPO_CONSTANTE,"0"
-18,UINT16,9,1,0,0.000000,CAMPO_CONSTANTE,"48384"
-18,BYTE,9,1,0,0.000000,CAMPO_CONSTANTE,"0"
18,UINT16,9,7,0,0.000000,SEM_PADRAO,"32 | 97 | 105 | 108 | 111 | 116 | 10686"
18,BYTE,9,7,0,0.000000,SEM_PADRAO,"32 | 97 | 105 | 108 | 111 | 116 | 190"
-19,BYTE,9,3,0,0.000000,CAMPO_CONSTANTE,"1 | 2 | 6"
19,BYTE,9,2,0,0.000000,CAMPO_CONSTANTE,"0 | 41"
-20,UINT32,9,3,0,0.000000,CAMPO_CONSTANTE,"3170894080 | 3170894336 | 3170895360"
-20,UINT16,9,3,0,0.000000,CAMPO_CONSTANTE,"256 | 512 | 1536"
-20,BYTE,9,1,0,0.000000,CAMPO_CONSTANTE,"0"
20,UINT32,9,9,0,0.000000,CAMPO_VARIAVEL,"97 | 393216 | 2097266 | 6619244 | 7209057 | 7471169 | 7536751 | 7733356 | 2680684544"
20,UINT16,9,6,0,0.000000,SEM_PADRAO,"0 | 65 | 97 | 108 | 111 | 114"
20,BYTE,9,6,0,0.000000,SEM_PADRAO,"0 | 65 | 97 | 108 | 111 | 114"
-21,BYTE,9,1,0,0.000000,CAMPO_CONSTANTE,"0"
21,BYTE,9,1,0,0.000000,CAMPO_CONSTANTE,"0"
-22,UINT16,9,1,0,0.000000,CAMPO_CONSTANTE,"0"
-22,BYTE,9,1,0,0.000000,CAMPO_CONSTANTE,"0"
22,UINT16,9,9,0,0.000000,CAMPO_VARIAVEL,"0 | 6 | 32 | 101 | 110 | 114 | 115 | 118 | 40904"
22,BYTE,9,9,0,0.000000,CAMPO_VARIAVEL,"0 | 6 | 32 | 101 | 110 | 114 | 115 | 118 | 200"
-23,BYTE,9,6,0,0.000000,SEM_PADRAO,"97 | 105 | 108 | 111 | 115 | 211"
23,BYTE,9,2,0,0.000000,CAMPO_CONSTANTE,"0 | 159"
-24,UINT32,9,6,0,0.000000,SEM_PADRAO,"24832 | 26880 | 27648 | 28416 | 29440 | 54016"
-24,UINT16,9,6,0,0.000000,SEM_PADRAO,"24832 | 26880 | 27648 | 28416 | 29440 | 54016"
-24,BYTE,9,1,0,0.000000,CAMPO_CONSTANTE,"0"
24,UINT32,9,9,0,0.000000,CAMPO_VARIAVEL,"97 | 111 | 114 | 189 | 65536 | 7274573 | 12386306 | 16384097 | 218103812"
24,UINT16,9,8,0,0.000000,SEM_PADRAO,"0 | 2 | 4 | 77 | 97 | 111 | 114 | 189"
24,BYTE,9,8,0,0.000000,SEM_PADRAO,"0 | 2 | 4 | 77 | 97 | 111 | 114 | 189"
-25,BYTE,9,7,0,0.000000,SEM_PADRAO,"32 | 100 | 101 | 104 | 108 | 114 | 116"
25,BYTE,9,1,0,0.000000,CAMPO_CONSTANTE,"0"
-26,UINT16,9,7,0,0.000000,SEM_PADRAO,"8192 | 25600 | 25856 | 26624 | 27648 | 29184 | 29696"
-26,BYTE,9,1,0,0.000000,CAMPO_CONSTANTE,"0"
26,UINT16,9,6,0,0.000000,SEM_PADRAO,"0 | 1 | 111 | 189 | 250 | 3328"
26,BYTE,9,5,0,0.000000,SEM_PADRAO,"0 | 1 | 111 | 189 | 250"
-27,BYTE,9,6,0,0.000000,SEM_PADRAO,"97 | 101 | 110 | 111 | 112 | 114"
27,BYTE,9,2,0,0.000000,CAMPO_CONSTANTE,"0 | 13"
-28,UINT32,9,9,0,0.000000,CAMPO_VARIAVEL,"536899328 | 1677749760 | 1694523648 | 1694527488 | 1744858624 | 1811965184 | 1912627456 | 1912631040 | 1946186240"
-28,UINT16,9,6,0,0.000000,SEM_PADRAO,"24832 | 25856 | 28160 | 28416 | 28672 | 29184"
-28,BYTE,9,1,0,0.000000,CAMPO_CONSTANTE,"0"
28,UINT32,9,7,0,0.000000,SEM_PADRAO,"189 | 8719 | 6357106 | 7274602 | 12386305 | 621215744 | 1291845632"
28,UINT16,9,6,0,0.000000,SEM_PADRAO,"0 | 1 | 106 | 114 | 189 | 8719"
28,BYTE,9,6,0,0.000000,SEM_PADRAO,"0 | 1 | 15 | 106 | 114 | 189"
-29,BYTE,9,7,0,0.000000,SEM_PADRAO,"77 | 97 | 98 | 100 | 101 | 105 | 111"
29,BYTE,9,2,0,0.000000,CAMPO_CONSTANTE,"0 | 34"
-30,UINT16,9,7,0,0.000000,SEM_PADRAO,"19712 | 24832 | 25088 | 25600 | 25856 | 26880 | 28416"
-30,BYTE,9,1,0,0.000000,CAMPO_CONSTANTE,"0"
30,UINT16,9,6,0,0.000000,SEM_PADRAO,"0 | 97 | 111 | 189 | 9479 | 19712"
30,BYTE,9,5,0,0.000000,SEM_PADRAO,"0 | 7 | 97 | 111 | 189"
-31,BYTE,9,8,0,0.000000,SEM_PADRAO,"0 | 32 | 76 | 98 | 100 | 105 | 109 | 114"
31,BYTE,9,3,0,0.000000,CAMPO_CONSTANTE,"0 | 37 | 77"
-32,UINT32,9,9,0,0.000000,CAMPO_VARIAVEL,"1291845632 | 1291853824 | 1627419136 | 1644195072 | 1677729792 | 1677748480 | 1694523904 | 1761633280 | 1862290432"
-32,UINT16,9,8,0,0.000000,SEM_PADRAO,"0 | 8192 | 19456 | 25088 | 25600 | 26880 | 27904 | 29184"
-32,BYTE,9,1,0,0.000000,CAMPO_CONSTANTE,"0"
32,UINT32,9,9,0,0.000000,CAMPO_VARIAVEL,"11210 | 65536 | 7536741 | 8833732 | 631111680 | 676397056 | 678232064 | 1912627456 | 3212902400"
32,UINT16,9,5,0,0.000000,SEM_PADRAO,"0 | 101 | 11210 | 24832 | 51908"
32,BYTE,9,4,0,0.000000,SEM_PADRAO,"0 | 101 | 196 | 202"
-33,BYTE,9,8,0,0.000000,SEM_PADRAO,"4 | 32 | 97 | 101 | 105 | 110 | 111 | 115"
33,BYTE,9,4,0,0.000000,SEM_PADRAO,"0 | 43 | 97 | 202"
-34,UINT16,9,8,0,0.000000,SEM_PADRAO,"1024 | 8192 | 24832 | 25856 | 26880 | 28160 | 28416 | 29440"
-34,BYTE,9,1,0,0.000000,CAMPO_CONSTANTE,"0"
34,UINT16,9,9,0,0.000000,CAMPO_VARIAVEL,"0 | 1 | 115 | 134 | 9630 | 10321 | 10349 | 29184 | 49025"
34,BYTE,9,8,0,0.000000,SEM_PADRAO,"0 | 1 | 81 | 109 | 115 | 129 | 134 | 158"
-35,BYTE,9,8,0,0.000000,SEM_PADRAO,"0 | 73 | 76 | 77 | 82 | 111 | 112 | 114"
35,BYTE,9,5,0,0.000000,SEM_PADRAO,"0 | 37 | 40 | 114 | 191"
-36,UINT32,9,9,0,0.000000,CAMPO_VARIAVEL,"67108998 | 536899328 | 1627409408 | 1694527488 | 1694528000 | 1761627392 | 1845522176 | 1862291968 | 1929398528"
-36,UINT16,9,8,0,0.000000,SEM_PADRAO,"134 | 18688 | 19456 | 19712 | 20992 | 28416 | 28672 | 29184"
-36,BYTE,9,2,0,0.000000,CAMPO_CONSTANTE,"0 | 134"
36,UINT16,9,6,0,0.000000,SEM_PADRAO,"0 | 4 | 189 | 1536 | 25344 | 50991"
36,BYTE,9,4,0,0.000000,SEM_PADRAO,"0 | 4 | 47 | 189"
-37,BYTE,9,6,0,0.000000,SEM_PADRAO,"0 | 32 | 102 | 105 | 116 | 188"
37,BYTE,9,4,0,0.000000,SEM_PADRAO,"0 | 6 | 99 | 199"
-38,UINT16,9,6,0,0.000000,SEM_PADRAO,"0 | 8192 | 26112 | 26880 | 29696 | 48272"
-38,BYTE,9,2,0,0.000000,CAMPO_CONSTANTE,"0 | 144"
38,UINT16,9,8,0,0.000000,SEM_PADRAO,"0 | 1 | 134 | 2816 | 18831 | 23419 | 23610 | 28416"
38,BYTE,9,6,0,0.000000,SEM_PADRAO,"0 | 1 | 58 | 123 | 134 | 143"
-39,BYTE,9,6,0,0.000000,SEM_PADRAO,"0 | 7 | 108 | 110 | 111 | 115"
39,BYTE,9,6,0,0.000000,SEM_PADRAO,"0 | 11 | 73 | 91 | 92 | 111"
-40,UINT32,9,8,0,0.000000,SEM_PADRAO,"1792 | 536899328 | 536900352 | 1711303680 | 1761635328 | 1761635840 | 1946184704 | 3163553792"
-40,UINT16,9,6,0,0.000000,SEM_PADRAO,"0 | 1792 | 27648 | 28160 | 28416 | 29440"
-40,BYTE,9,1,0,0.000000,CAMPO_CONSTANTE,"0"
40,UINT32,9,9,0,0.000000,CAMPO_VARIAVEL,"189 | 2304 | 10403 | 67108914 | 67108969 | 201326642 | 536900352 | 1241513984 | 3909109760"
40,UINT16,9,8,0,0.000000,SEM_PADRAO,"0 | 50 | 105 | 189 | 2304 | 10403 | 18432 | 29440"
40,BYTE,9,5,0,0.000000,SEM_PADRAO,"0 | 50 | 105 | 163 | 189"
-41,BYTE,9,9,0,0.000000,CAMPO_VARIAVEL,"0 | 37 | 65 | 100 | 101 | 105 | 108 | 111 | 244"
41,BYTE,9,5,0,0.000000,SEM_PADRAO,"0 | 9 | 40 | 72 | 115"
-42,UINT16,9,9,0,0.000000,CAMPO_VARIAVEL,"4 | 9477 | 16640 | 25600 | 25856 | 26880 | 27648 | 28416 | 62464"
-42,BYTE,9,3,0,0.000000,CAMPO_CONSTANTE,"0 | 4 | 5"
42,UINT16,9,6,0,0.000000,SEM_PADRAO,"0 | 1024 | 3072 | 8192 | 18944 | 59648"
42,BYTE,9,1,0,0.000000,CAMPO_CONSTANTE,"0"
-43,BYTE,9,8,0,0.000000,SEM_PADRAO,"0 | 70 | 77 | 108 | 114 | 116 | 117 | 213"
43,BYTE,9,6,0,0.000000,SEM_PADRAO,"0 | 4 | 12 | 32 | 74 | 233"
-44,UINT32,9,9,0,0.000000,CAMPO_VARIAVEL,"316729 | 621084672 | 1090519040 | 1677750784 | 1694516736 | 1761627392 | 1811969280 | 1862298624 | 4093670400"
-44,UINT16,9,8,0,0.000000,SEM_PADRAO,"0 | 17920 | 19712 | 27648 | 29184 | 29696 | 29952 | 54585"
-44,BYTE,9,2,0,0.000000,CAMPO_CONSTANTE,"0 | 57"
44,UINT16,9,7,0,0.000000,SEM_PADRAO,"0 | 11026 | 17152 | 18944 | 23980 | 27648 | 28416"
44,BYTE,9,3,0,0.000000,CAMPO_CONSTANTE,"0 | 18 | 172"
-45,BYTE,9,5,0,0.000000,SEM_PADRAO,"0 | 10 | 97 | 110 | 114"
45,BYTE,9,7,0,0.000000,SEM_PADRAO,"0 | 43 | 67 | 74 | 93 | 108 | 111"
-46,UINT16,9,6,0,0.000000,SEM_PADRAO,"0 | 189 | 2560 | 24832 | 28160 | 29184"
-46,BYTE,9,2,0,0.000000,CAMPO_CONSTANTE,"0 | 189"
46,UINT16,9,8,0,0.000000,SEM_PADRAO,"0 | 50 | 18944 | 19968 | 21504 | 24832 | 29696 | 58112"
46,BYTE,9,2,0,0.000000,CAMPO_CONSTANTE,"0 | 50"
-47,BYTE,9,7,0,0.000000,SEM_PADRAO,"0 | 11 | 43 | 65 | 80 | 97 | 99"
47,BYTE,9,7,0,0.000000,SEM_PADRAO,"0 | 74 | 78 | 84 | 97 | 116 | 227"
-48,UINT32,9,8,0,0.000000,SEM_PADRAO,"2816 | 11208 | 12386306 | 167772164 | 1627410432 | 1627415296 | 1845510400 | 1912627456"
-48,UINT16,9,8,0,0.000000,SEM_PADRAO,"2 | 4 | 2816 | 11208 | 16640 | 20480 | 24832 | 25344"
-48,BYTE,9,4,0,0.000000,SEM_PADRAO,"0 | 2 | 4 | 200"
48,UINT16,9,7,0,0.000000,SEM_PADRAO,"1792 | 24832 | 27904 | 28416 | 29696 | 29952 | 43217"
48,BYTE,9,2,0,0.000000,CAMPO_CONSTANTE,"0 | 209"
-49,BYTE,9,4,0,0.000000,SEM_PADRAO,"0 | 67 | 105 | 195"
49,BYTE,9,7,0,0.000000,SEM_PADRAO,"7 | 97 | 109 | 111 | 116 | 117 | 168"
-50,UINT16,9,5,0,0.000000,SEM_PADRAO,"0 | 4 | 17152 | 26880 | 50104"
-50,BYTE,9,3,0,0.000000,CAMPO_CONSTANTE,"0 | 4 | 184"
50,UINT16,9,9,0,0.000000,CAMPO_VARIAVEL,"0 | 134 | 8192 | 24832 | 28160 | 28416 | 29440 | 29696 | 58112"
50,BYTE,9,2,0,0.000000,CAMPO_CONSTANTE,"0 | 134"
-51,BYTE,9,5,0,0.000000,SEM_PADRAO,"0 | 13 | 82 | 206 | 218"
51,BYTE,9,8,0,0.000000,SEM_PADRAO,"0 | 32 | 97 | 110 | 111 | 115 | 116 | 227"
-52,UINT32,9,8,0,0.000000,SEM_PADRAO,"110 | 189 | 3328 | 315108 | 318197 | 1124073472 | 1761628672 | 3283615744"
-52,UINT16,9,7,0,0.000000,SEM_PADRAO,"0 | 110 | 189 | 3328 | 20992 | 52964 | 56053"
-52,BYTE,9,5,0,0.000000,SEM_PADRAO,"0 | 110 | 189 | 228 | 245"
52,UINT32,9,9,0,0.000000,CAMPO_VARIAVEL,"3584 | 24832 | 26880 | 100663296 | 536899328 | 1627409664 | 1627411200 | 2046851584 | 3774898688"
52,UINT16,9,9,0,0.000000,CAMPO_VARIAVEL,"0 | 3584 | 19712 | 21248 | 24832 | 25088 | 26880 | 28416 | 31232"
52,BYTE,9,1,0,0.000000,CAMPO_CONSTANTE,"0"
-53,BYTE,9,3,0,0.000000,CAMPO_CONSTANTE,"0 | 14 | 40"
53,BYTE,9,9,0,0.000000,CAMPO_VARIAVEL,"0 | 14 | 77 | 83 | 97 | 98 | 105 | 111 | 122"
-54,UINT16,9,7,0,0.000000,SEM_PADRAO,"0 | 1 | 4 | 50 | 111 | 3584 | 10347"
-54,BYTE,9,6,0,0.000000,SEM_PADRAO,"0 | 1 | 4 | 50 | 107 | 111"
54,UINT16,9,6,0,0.000000,SEM_PADRAO,"0 | 1536 | 8192 | 24832 | 31232 | 57600"
54,BYTE,9,1,0,0.000000,CAMPO_CONSTANTE,"0"
-55,BYTE,9,6,0,0.000000,SEM_PADRAO,"0 | 15 | 37 | 40 | 91 | 160"
55,BYTE,9,6,0,0.000000,SEM_PADRAO,"0 | 6 | 32 | 97 | 122 | 225"
-56,UINT32,9,9,0,0.000000,CAMPO_VARIAVEL,"3840 | 9628 | 10401 | 65536 | 303195 | 3300211 | 7274611 | 234881028 | 678100992"
-56,UINT16,9,8,0,0.000000,SEM_PADRAO,"0 | 4 | 115 | 3840 | 9628 | 10401 | 23411 | 41051"
-56,BYTE,9,6,0,0.000000,SEM_PADRAO,"0 | 4 | 91 | 115 | 156 | 161"
56,UINT32,9,7,0,0.000000,SEM_PADRAO,"48384 | 16777216 | 1627407360 | 1811967744 | 1862291968 | 1946185216 | 3170894080"
56,UINT16,9,7,0,0.000000,SEM_PADRAO,"0 | 256 | 17408 | 20992 | 28160 | 28416 | 48384"
56,BYTE,9,1,0,0.000000,CAMPO_CONSTANTE,"0"
-57,BYTE,9,2,0,0.000000,CAMPO_CONSTANTE,"0 | 219"
57,BYTE,9,7,0,0.000000,SEM_PADRAO,"0 | 1 | 68 | 82 | 110 | 111 | 189"
-58,UINT16,9,6,0,0.000000,SEM_PADRAO,"0 | 111 | 114 | 134 | 189 | 56182"
-58,BYTE,9,6,0,0.000000,SEM_PADRAO,"0 | 111 | 114 | 118 | 134 | 189"
58,UINT16,9,7,0,0.000000,SEM_PADRAO,"0 | 256 | 24832 | 27648 | 28416 | 29696 | 48384"
58,BYTE,9,1,0,0.000000,CAMPO_CONSTANTE,"0"
-59,BYTE,9,4,0,0.000000,SEM_PADRAO,"0 | 40 | 41 | 168"
59,BYTE,9,7,0,0.000000,SEM_PADRAO,"0 | 1 | 97 | 108 | 111 | 116 | 189"
-60,UINT32,9,8,0,0.000000,SEM_PADRAO,"189 | 10319 | 10684 | 7274610 | 7471205 | 8825036 | 12386305 | 3681943552"
-60,UINT16,9,8,0,0.000000,SEM_PADRAO,"0 | 1 | 101 | 114 | 189 | 10319 | 10684 | 43212"
-60,BYTE,9,8,0,0.000000,SEM_PADRAO,"0 | 1 | 79 | 101 | 114 | 188 | 189 | 204"
60,UINT32,9,9,0,0.000000,CAMPO_VARIAVEL,"24832 | 48384 | 2232320 | 1375731712 | 1761635840 | 1845519616 | 1912628224 | 1929408256 | 2667577344"
60,UINT16,9,8,0,0.000000,SEM_PADRAO,"0 | 4096 | 24832 | 25600 | 25856 | 28160 | 28416 | 48384"
60,BYTE,9,1,0,0.000000,CAMPO_CONSTANTE,"0"
-61,BYTE,9,2,0,0.000000,CAMPO_CONSTANTE,"0 | 34"
61,BYTE,9,8,0,0.000000,SEM_PADRAO,"0 | 16 | 97 | 100 | 101 | 110 | 111 | 189"
-62,UINT16,9,4,0,0.000000,SEM_PADRAO,"0 | 1 | 100 | 8717"
-62,BYTE,9,4,0,0.000000,SEM_PADRAO,"0 | 1 | 13 | 100"
62,UINT16,9,8,0,0.000000,SEM_PADRAO,"0 | 34 | 20992 | 26880 | 28160 | 29184 | 29440 | 40704"
62,BYTE,9,2,0,0.000000,CAMPO_CONSTANTE,"0 | 34"
-63,BYTE,9,2,0,0.000000,CAMPO_CONSTANTE,"0 | 43"
63,BYTE,9,7,0,0.000000,SEM_PADRAO,"0 | 82 | 105 | 110 | 114 | 115 | 159"
-64,UINT32,9,6,0,0.000000,SEM_PADRAO,"111 | 189 | 11024 | 65536 | 6553710 | 571277312"
-64,UINT16,9,5,0,0.000000,SEM_PADRAO,"0 | 110 | 111 | 189 | 11024"
-64,BYTE,9,5,0,0.000000,SEM_PADRAO,"0 | 16 | 110 | 111 | 189"
64,UINT32,9,9,0,0.000000,CAMPO_VARIAVEL,"24832 | 2735872 | 33554432 | 80982272 | 1728080128 | 1862298624 | 2130706472 | 3170894080 | 4278190117"
64,UINT16,9,9,0,0.000000,CAMPO_VARIAVEL,"0 | 37 | 40 | 256 | 24832 | 26880 | 27648 | 45312 | 48896"
64,BYTE,9,3,0,0.000000,CAMPO_CONSTANTE,"0 | 37 | 40"
-65,BYTE,9,1,0,0.000000,CAMPO_CONSTANTE,"0"
65,BYTE,9,7,0,0.000000,SEM_PADRAO,"0 | 1 | 97 | 105 | 108 | 177 | 191"
-66,UINT16,9,7,0,0.000000,SEM_PADRAO,"0 | 1 | 97 | 104 | 114 | 117 | 189"
-66,BYTE,9,7,0,0.000000,SEM_PADRAO,"0 | 1 | 97 | 104 | 114 | 117 | 189"
66,UINT16,9,9,0,0.000000,CAMPO_VARIAVEL,"0 | 41 | 512 | 1235 | 26368 | 28416 | 32512 | 48384 | 65280"
66,BYTE,9,3,0,0.000000,CAMPO_CONSTANTE,"0 | 41 | 211"
-67,BYTE,9,1,0,0.000000,CAMPO_CONSTANTE,"0"
67,BYTE,9,8,0,0.000000,SEM_PADRAO,"0 | 2 | 4 | 103 | 111 | 127 | 189 | 255"
-68,UINT32,9,8,0,0.000000,SEM_PADRAO,"189 | 65536 | 6357078 | 6357110 | 6815854 | 7471205 | 7667826 | 12386310"
-68,UINT16,9,8,0,0.000000,SEM_PADRAO,"0 | 6 | 86 | 101 | 110 | 114 | 118 | 189"
-68,BYTE,9,8,0,0.000000,SEM_PADRAO,"0 | 6 | 86 | 101 | 110 | 114 | 118 | 189"
68,UINT32,9,9,0,0.000000,CAMPO_VARIAVEL,"1242 | 12891 | 28416 | 48384 | 458752 | 77556736 | 1342185472 | 3170894080 | 3405774848"
68,UINT16,9,8,0,0.000000,SEM_PADRAO,"0 | 256 | 1242 | 8192 | 12891 | 27648 | 28416 | 48384"
68,BYTE,9,3,0,0.000000,CAMPO_CONSTANTE,"0 | 91 | 218"
-69,BYTE,9,1,0,0.000000,CAMPO_CONSTANTE,"0"
69,BYTE,9,8,0,0.000000,SEM_PADRAO,"0 | 1 | 4 | 32 | 50 | 108 | 111 | 189"
-70,UINT16,9,8,0,0.000000,SEM_PADRAO,"0 | 1 | 73 | 97 | 100 | 105 | 110 | 117"
-70,BYTE,9,8,0,0.000000,SEM_PADRAO,"0 | 1 | 73 | 97 | 100 | 105 | 110 | 117"
70,UINT16,9,6,0,0.000000,SEM_PADRAO,"0 | 7 | 1183 | 20480 | 48384 | 51968"
70,BYTE,9,3,0,0.000000,CAMPO_CONSTANTE,"0 | 7 | 159"
-71,BYTE,9,1,0,0.000000,CAMPO_CONSTANTE,"0"
71,BYTE,9,5,0,0.000000,SEM_PADRAO,"0 | 4 | 80 | 189 | 203"
-72,UINT32,9,9,0,0.000000,CAMPO_VARIAVEL,"9 | 97 | 65536 | 4784128 | 6357106 | 6553705 | 6881394 | 7209071 | 7667818"
-72,UINT16,9,7,0,0.000000,SEM_PADRAO,"0 | 9 | 97 | 105 | 106 | 111 | 114"
-72,BYTE,9,7,0,0.000000,SEM_PADRAO,"0 | 9 | 97 | 105 | 106 | 111 | 114"
72,UINT32,9,9,0,0.000000,CAMPO_VARIAVEL,"6 | 12 | 1179648 | 2426880 | 5373952 | 1157627947 | 1728078080 | 2751463424 | 3170894080"
72,UINT16,9,7,0,0.000000,SEM_PADRAO,"0 | 6 | 12 | 43 | 256 | 2048 | 24832"
72,BYTE,9,4,0,0.000000,SEM_PADRAO,"0 | 6 | 12 | 43"
-73,BYTE,9,1,0,0.000000,CAMPO_CONSTANTE,"0"
73,BYTE,9,4,0,0.000000,SEM_PADRAO,"0 | 1 | 8 | 97"
-74,UINT16,9,7,0,0.000000,SEM_PADRAO,"0 | 7 | 97 | 100 | 101 | 111 | 115"
-74,BYTE,9,7,0,0.000000,SEM_PADRAO,"0 | 7 | 97 | 100 | 101 | 111 | 115"
74,UINT16,9,8,0,0.000000,SEM_PADRAO,"0 | 18 | 37 | 82 | 17664 | 26368 | 41984 | 48384"
74,BYTE,9,4,0,0.000000,SEM_PADRAO,"0 | 18 | 37 | 82"
-75,BYTE,9,2,0,0.000000,CAMPO_CONSTANTE,"0 | 4"
75,BYTE,9,5,0,0.000000,SEM_PADRAO,"0 | 69 | 103 | 164 | 189"
-76,UINT32,9,9,0,0.000000,CAMPO_VARIAVEL,"1215 | 458752 | 6357059 | 6357069 | 6553701 | 6619246 | 7274612 | 7536745 | 7536751"
-76,UINT16,9,9,0,0.000000,CAMPO_VARIAVEL,"0 | 67 | 77 | 101 | 105 | 110 | 111 | 116 | 1215"
-76,BYTE,9,9,0,0.000000,CAMPO_VARIAVEL,"0 | 67 | 77 | 101 | 105 | 110 | 111 | 116 | 191"
76,UINT32,9,9,0,0.000000,CAMPO_VARIAVEL,"1237 | 4325376 | 6357069 | 6488169 | 6881360 | 81584128 | 1845493760 | 1946185472 | 3087007784"
76,UINT16,9,8,0,0.000000,SEM_PADRAO,"0 | 40 | 77 | 80 | 105 | 1237 | 28416 | 57344"
76,BYTE,9,6,0,0.000000,SEM_PADRAO,"0 | 40 | 77 | 80 | 105 | 213"
-77,BYTE,9,3,0,0.000000,CAMPO_CONSTANTE,"0 | 118 | 134"
77,BYTE,9,4,0,0.000000,SEM_PADRAO,"0 | 4 | 111 | 224"
-78,UINT16,9,9,0,0.000000,CAMPO_VARIAVEL,"0 | 32 | 80 | 98 | 101 | 104 | 116 | 30208 | 34502"
-78,BYTE,9,8,0,0.000000,SEM_PADRAO,"0 | 32 | 80 | 98 | 101 | 104 | 116 | 198"
78,UINT16,9,9,0,0.000000,CAMPO_VARIAVEL,"0 | 66 | 97 | 99 | 105 | 1244 | 28160 | 29696 | 47104"
78,BYTE,9,6,0,0.000000,SEM_PADRAO,"0 | 66 | 97 | 99 | 105 | 220"
-79,BYTE,9,2,0,0.000000,CAMPO_CONSTANTE,"0 | 241"
79,BYTE,9,5,0,0.000000,SEM_PADRAO,"0 | 4 | 110 | 116 | 184"
-80,UINT32,9,9,0,0.000000,CAMPO_VARIAVEL,"6 | 2097263 | 5242912 | 6422642 | 6619244 | 6815843 | 7602273 | 1979711525 | 2261184768"
-80,UINT16,9,9,0,0.000000,CAMPO_VARIAVEL,"6 | 32 | 37 | 97 | 99 | 108 | 111 | 114 | 61696"
-80,BYTE,9,9,0,0.000000,CAMPO_VARIAVEL,"0 | 6 | 32 | 37 | 97 | 99 | 108 | 111 | 114"
80,UINT32,9,9,0,0.000000,CAMPO_VARIAVEL,"12 | 12893 | 393216 | 6357096 | 6422629 | 7274595 | 7471221 | 1023410216 | 1761637376"
80,UINT16,9,9,0,0.000000,CAMPO_VARIAVEL,"0 | 12 | 40 | 99 | 101 | 104 | 117 | 12893 | 29696"
80,BYTE,9,8,0,0.000000,SEM_PADRAO,"0 | 12 | 40 | 93 | 99 | 101 | 104 | 117"
-81,BYTE,9,2,0,0.000000,CAMPO_CONSTANTE,"0 | 4"
81,BYTE,9,3,0,0.000000,CAMPO_CONSTANTE,"0 | 50 | 116"
-82,UINT16,9,9,0,0.000000,CAMPO_VARIAVEL,"0 | 43 | 67 | 83 | 97 | 99 | 108 | 111 | 1024"
-82,BYTE,9,8,0,0.000000,SEM_PADRAO,"0 | 43 | 67 | 83 | 97 | 99 | 108 | 111"
82,UINT16,9,8,0,0.000000,SEM_PADRAO,"0 | 6 | 97 | 98 | 111 | 114 | 15616 | 26880"
82,BYTE,9,6,0,0.000000,SEM_PADRAO,"0 | 6 | 97 | 98 | 111 | 114"
-83,BYTE,9,3,0,0.000000,CAMPO_CONSTANTE,"0 | 4 | 199"
83,BYTE,9,3,0,0.000000,CAMPO_CONSTANTE,"0 | 61 | 105"
-84,UINT32,9,9,0,0.000000,CAMPO_VARIAVEL,"1242 | 2868992 | 4390912 | 5439488 | 6357058 | 6488174 | 7077989 | 7274601 | 67108864"
-84,UINT16,9,7,0,0.000000,SEM_PADRAO,"0 | 66 | 101 | 105 | 110 | 1242 | 50944"
-84,BYTE,9,6,0,0.000000,SEM_PADRAO,"0 | 66 | 101 | 105 | 110 | 218"
84,UINT32,9,9,0,0.000000,CAMPO_VARIAVEL,"5 | 12892 | 2097263 | 5111808 | 6553714 | 6881388 | 7471174 | 7602277 | 16777216"
84,UINT16,9,8,0,0.000000,SEM_PADRAO,"0 | 5 | 70 | 101 | 108 | 111 | 114 | 12892"
84,BYTE,9,8,0,0.000000,SEM_PADRAO,"0 | 5 | 70 | 92 | 101 | 108 | 111 | 114"
-85,BYTE,9,3,0,0.000000,CAMPO_CONSTANTE,"0 | 189 | 242"
85,BYTE,9,2,0,0.000000,CAMPO_CONSTANTE,"0 | 50"
-86,UINT16,9,7,0,0.000000,SEM_PADRAO,"0 | 7 | 9 | 99 | 111 | 48384 | 61952"
-86,BYTE,9,5,0,0.000000,SEM_PADRAO,"0 | 7 | 9 | 99 | 111"
86,UINT16,9,8,0,0.000000,SEM_PADRAO,"0 | 32 | 78 | 100 | 105 | 114 | 116 | 256"
86,BYTE,9,7,0,0.000000,SEM_PADRAO,"0 | 32 | 78 | 100 | 105 | 114 | 116"
-87,BYTE,9,3,0,0.000000,CAMPO_CONSTANTE,"0 | 2 | 189"
87,BYTE,9,2,0,0.000000,CAMPO_CONSTANTE,"0 | 1"
-88,UINT32,9,8,0,0.000000,SEM_PADRAO,"7 | 48384 | 458752 | 589824 | 6488178 | 7274578 | 3170894336 | 4060086309"
-88,UINT16,9,7,0,0.000000,SEM_PADRAO,"0 | 7 | 37 | 82 | 114 | 512 | 48384"
-88,BYTE,9,5,0,0.000000,SEM_PADRAO,"0 | 7 | 37 | 82 | 114"
88,UINT32,9,9,0,0.000000,CAMPO_VARIAVEL,"14 | 48384 | 65536 | 393216 | 2097263 | 6357063 | 6422601 | 6553701 | 7077993"
88,UINT16,9,8,0,0.000000,SEM_PADRAO,"0 | 14 | 71 | 73 | 101 | 105 | 111 | 48384"
88,BYTE,9,7,0,0.000000,SEM_PADRAO,"0 | 14 | 71 | 73 | 101 | 105 | 111"
-89,BYTE,9,5,0,0.000000,SEM_PADRAO,"0 | 1 | 4 | 50 | 155"
89,BYTE,9,2,0,0.000000,CAMPO_CONSTANTE,"0 | 189"
-90,UINT16,9,8,0,0.000000,SEM_PADRAO,"0 | 32 | 97 | 225 | 256 | 1230 | 12891 | 39680"
-90,BYTE,9,6,0,0.000000,SEM_PADRAO,"0 | 32 | 91 | 97 | 206 | 225"
90,UINT16,9,8,0,0.000000,SEM_PADRAO,"0 | 1 | 6 | 32 | 97 | 98 | 100 | 108"
90,BYTE,9,8,0,0.000000,SEM_PADRAO,"0 | 1 | 6 | 32 | 97 | 98 | 100 | 108"
-91,BYTE,9,5,0,0.000000,SEM_PADRAO,"0 | 4 | 105 | 113 | 226"
91,BYTE,9,1,0,0.000000,CAMPO_CONSTANTE,"0"
-92,UINT32,9,9,0,0.000000,CAMPO_VARIAVEL,"1242 | 26880 | 2097263 | 6357069 | 14745677 | 16777216 | 80667136 | 844853504 | 2600468480"
-92,UINT16,9,7,0,0.000000,SEM_PADRAO,"0 | 77 | 111 | 1242 | 26880 | 28928 | 57856"
-92,BYTE,9,4,0,0.000000,SEM_PADRAO,"0 | 77 | 111 | 218"
92,UINT32,9,8,0,0.000000,SEM_PADRAO,"189 | 2822912 | 5046304 | 6357101 | 6619236 | 7274578 | 7274611 | 7733356"
92,UINT16,9,8,0,0.000000,SEM_PADRAO,"32 | 82 | 100 | 108 | 109 | 115 | 189 | 4864"
92,BYTE,9,8,0,0.000000,SEM_PADRAO,"0 | 32 | 82 | 100 | 108 | 109 | 115 | 189"
-93,BYTE,9,5,0,0.000000,SEM_PADRAO,"0 | 103 | 110 | 189 | 253"
93,BYTE,9,2,0,0.000000,CAMPO_CONSTANTE,"0 | 19"
-94,UINT16,9,7,0,0.000000,SEM_PADRAO,"0 | 40 | 114 | 26368 | 28160 | 48384 | 64768"
-94,BYTE,9,3,0,0.000000,CAMPO_CONSTANTE,"0 | 40 | 114"
94,UINT16,9,7,0,0.000000,SEM_PADRAO,"0 | 43 | 77 | 97 | 101 | 111 | 118"
94,BYTE,9,7,0,0.000000,SEM_PADRAO,"0 | 43 | 77 | 97 | 101 | 111 | 118"
-95,BYTE,9,6,0,0.000000,SEM_PADRAO,"0 | 1 | 78 | 110 | 111 | 160"
95,BYTE,9,1,0,0.000000,CAMPO_CONSTANTE,"0"
-96,UINT32,9,9,0,0.000000,CAMPO_VARIAVEL,"12 | 15 | 2641408 | 2662400 | 7471204 | 1728081408 | 1845522176 | 3170894080 | 4244635682"
-96,UINT16,9,9,0,0.000000,CAMPO_VARIAVEL,"12 | 15 | 34 | 100 | 256 | 19968 | 28160 | 28416 | 40960"
-96,BYTE,9,5,0,0.000000,SEM_PADRAO,"0 | 12 | 15 | 34 | 100"
96,UINT32,9,9,0,0.000000,CAMPO_VARIAVEL,"110 | 114 | 8721 | 9632 | 5177376 | 7209057 | 7274596 | 7274723 | 80992256"
96,UINT16,9,9,0,0.000000,CAMPO_VARIAVEL,"32 | 97 | 100 | 110 | 114 | 227 | 8721 | 9632 | 55296"
96,BYTE,9,9,0,0.000000,CAMPO_VARIAVEL,"0 | 17 | 32 | 97 | 100 | 110 | 114 | 160 | 227"
-97,BYTE,9,4,0,0.000000,SEM_PADRAO,"0 | 12 | 105 | 114"
97,BYTE,9,4,0,0.000000,SEM_PADRAO,"0 | 34 | 37 | 216"
-98,UINT16,9,5,0,0.000000,SEM_PADRAO,"0 | 110 | 3072 | 26880 | 29184"
-98,BYTE,9,2,0,0.000000,CAMPO_CONSTANTE,"0 | 110"
98,UINT16,9,5,0,0.000000,SEM_PADRAO,"0 | 79 | 110 | 111 | 1235"
98,BYTE,9,5,0,0.000000,SEM_PADRAO,"0 | 79 | 110 | 111 | 211"
-99,BYTE,9,7,0,0.000000,SEM_PADRAO,"0 | 4 | 50 | 101 | 114 | 189 | 225"
99,BYTE,9,2,0,0.000000,CAMPO_CONSTANTE,"0 | 4"
-100,UINT32,9,8,0,0.000000,SEM_PADRAO,"1184 | 12892 | 48384 | 57600 | 7209057 | 201326592 | 1761636864 | 1912628480"
-100,UINT16,9,8,0,0.000000,SEM_PADRAO,"0 | 97 | 1184 | 12892 | 25856 | 29184 | 48384 | 57600"
-100,BYTE,9,4,0,0.000000,SEM_PADRAO,"0 | 92 | 97 | 160"
100,UINT32,9,9,0,0.000000,CAMPO_VARIAVEL,"65536 | 310714 | 786432 | 6684780 | 6881388 | 6900108 | 12386305 | 12386306 | 14876776"
100,UINT16,9,7,0,0.000000,SEM_PADRAO,"0 | 1 | 2 | 104 | 108 | 18828 | 48570"
100,BYTE,9,7,0,0.000000,SEM_PADRAO,"0 | 1 | 2 | 104 | 108 | 140 | 186"
-101,BYTE,9,8,0,0.000000,SEM_PADRAO,"0 | 1 | 40 | 98 | 101 | 102 | 110 | 189"
101,BYTE,9,3,0,0.000000,CAMPO_CONSTANTE,"0 | 73 | 189"
-102,UINT16,9,8,0,0.000000,SEM_PADRAO,"118 | 256 | 10240 | 25088 | 25856 | 26112 | 28160 | 48384"
-102,BYTE,9,2,0,0.000000,CAMPO_CONSTANTE,"0 | 118"
102,UINT16,9,7,0,0.000000,SEM_PADRAO,"1 | 4 | 12 | 102 | 105 | 189 | 227"
102,BYTE,9,7,0,0.000000,SEM_PADRAO,"1 | 4 | 12 | 102 | 105 | 189 | 227"
-103,BYTE,9,5,0,0.000000,SEM_PADRAO,"0 | 6 | 72 | 97 | 108"
103,BYTE,9,1,0,0.000000,CAMPO_CONSTANTE,"0"
-104,UINT32,9,8,0,0.000000,SEM_PADRAO,"7733317 | 16777216 | 671088680 | 1644194816 | 1694517248 | 1711276073 | 1845518592 | 3170895360"
-104,UINT16,9,8,0,0.000000,SEM_PADRAO,"0 | 40 | 41 | 69 | 1536 | 18432 | 24832 | 27648"
-104,BYTE,9,4,0,0.000000,SEM_PADRAO,"0 | 40 | 41 | 69"
104,UINT32,9,8,0,0.000000,SEM_PADRAO,"189 | 1536 | 2097263 | 5242880 | 6619254 | 7536741 | 621346816 | 681902080"
104,UINT16,9,6,0,0.000000,SEM_PADRAO,"0 | 101 | 111 | 118 | 189 | 1536"
104,BYTE,9,5,0,0.000000,SEM_PADRAO,"0 | 101 | 111 | 118 | 189"
-105,BYTE,9,7,0,0.000000,SEM_PADRAO,"0 | 65 | 105 | 106 | 111 | 114 | 187"
105,BYTE,9,2,0,0.000000,CAMPO_CONSTANTE,"0 | 6"
-106,UINT16,9,7,0,0.000000,SEM_PADRAO,"0 | 16640 | 26880 | 27136 | 28416 | 29184 | 47872"
-106,BYTE,9,1,0,0.000000,CAMPO_CONSTANTE,"0"
106,UINT16,9,7,0,0.000000,SEM_PADRAO,"0 | 32 | 80 | 101 | 115 | 9481 | 10405"
106,BYTE,9,7,0,0.000000,SEM_PADRAO,"0 | 9 | 32 | 80 | 101 | 115 | 165"
-107,BYTE,9,5,0,0.000000,SEM_PADRAO,"0 | 6 | 97 | 110 | 111"
107,BYTE,9,3,0,0.000000,CAMPO_CONSTANTE,"0 | 37 | 40"
-108,UINT32,9,9,0,0.000000,CAMPO_VARIAVEL,"16 | 1536 | 28416 | 1090519040 | 1761635840 | 1778384896 | 1862299136 | 1912627456 | 3137339392"
-108,UINT16,9,6,0,0.000000,SEM_PADRAO,"0 | 16 | 1536 | 24832 | 28160 | 28416"
-108,BYTE,9,2,0,0.000000,CAMPO_CONSTANTE,"0 | 16"
108,UINT32,9,9,0,0.000000,CAMPO_VARIAVEL,"10323 | 65536 | 7274579 | 7471209 | 7667809 | 1828733184 | 2030060544 | 2851471360 | 3471245312"
108,UINT16,9,7,0,0.000000,SEM_PADRAO,"0 | 83 | 97 | 105 | 10323 | 16640 | 17408"
108,BYTE,9,4,0,0.000000,SEM_PADRAO,"0 | 83 | 97 | 105"
-109,BYTE,9,6,0,0.000000,SEM_PADRAO,"0 | 8 | 80 | 105 | 189 | 227"
109,BYTE,9,4,0,0.000000,SEM_PADRAO,"0 | 40 | 65 | 68"
-110,UINT16,9,7,0,0.000000,SEM_PADRAO,"0 | 134 | 2048 | 20480 | 26880 | 48384 | 58112"
-110,BYTE,9,2,0,0.000000,CAMPO_CONSTANTE,"0 | 134"
110,UINT16,9,9,0,0.000000,CAMPO_VARIAVEL,"0 | 1 | 111 | 114 | 117 | 27904 | 30976 | 43510 | 52967"
110,BYTE,9,7,0,0.000000,SEM_PADRAO,"0 | 1 | 111 | 114 | 117 | 231 | 246"
-111,BYTE,9,8,0,0.000000,SEM_PADRAO,"0 | 1 | 32 | 99 | 104 | 118 | 134 | 198"
111,BYTE,9,5,0,0.000000,SEM_PADRAO,"0 | 109 | 121 | 169 | 206"
-112,UINT32,9,8,0,0.000000,SEM_PADRAO,"34472 | 8832745 | 134217732 | 1342185472 | 1761633024 | 1761637888 | 3170894080 | 3808454656"
-112,UINT16,9,8,0,0.000000,SEM_PADRAO,"4 | 256 | 8192 | 25344 | 26624 | 30208 | 34472 | 50921"
-112,BYTE,9,4,0,0.000000,SEM_PADRAO,"0 | 4 | 168 | 233"
112,UINT32,9,9,0,0.000000,CAMPO_VARIAVEL,"97 | 189 | 3300225 | 7274604 | 7471201 | 117440516 | 134217732 | 1929407232 | 1962959104"
112,UINT16,9,7,0,0.000000,SEM_PADRAO,"4 | 97 | 108 | 189 | 23425 | 24832 | 27392"
112,BYTE,9,6,0,0.000000,SEM_PADRAO,"0 | 4 | 97 | 108 | 129 | 189"
-113,BYTE,9,6,0,0.000000,SEM_PADRAO,"0 | 108 | 110 | 115 | 180 | 207"
113,BYTE,9,4,0,0.000000,SEM_PADRAO,"0 | 91 | 97 | 107"
-114,UINT16,9,6,0,0.000000,SEM_PADRAO,"0 | 27648 | 28160 | 29440 | 46080 | 53142"
-114,BYTE,9,2,0,0.000000,CAMPO_CONSTANTE,"0 | 150"
114,UINT16,9,8,0,0.000000,SEM_PADRAO,"0 | 50 | 111 | 114 | 1792 | 2048 | 29440 | 29952"
114,BYTE,9,4,0,0.000000,SEM_PADRAO,"0 | 50 | 111 | 114"
-115,BYTE,9,4,0,0.000000,SEM_PADRAO,"0 | 43 | 97 | 111"
115,BYTE,9,5,0,0.000000,SEM_PADRAO,"0 | 7 | 8 | 115 | 117"
-116,UINT32,9,7,0,0.000000,SEM_PADRAO,"11206 | 28416 | 1811964160 | 1845518592 | 1929408256 | 3019898923 | 3482714112"
-116,UINT16,9,5,0,0.000000,SEM_PADRAO,"0 | 43 | 11206 | 24832 | 28416"
-116,BYTE,9,3,0,0.000000,CAMPO_CONSTANTE,"0 | 43 | 198"
116,UINT32,9,9,0,0.000000,CAMPO_VARIAVEL,"2560 | 11212 | 4325408 | 7536741 | 12386305 | 1124073472 | 1241513984 | 1761636864 | 1845522176"
116,UINT16,9,8,0,0.000000,SEM_PADRAO,"0 | 1 | 32 | 101 | 2560 | 11212 | 28416 | 29184"
116,BYTE,9,5,0,0.000000,SEM_PADRAO,"0 | 1 | 32 | 101 | 204"
-117,BYTE,9,9,0,0.000000,CAMPO_VARIAVEL,"0 | 15 | 37 | 77 | 83 | 104 | 114 | 115 | 227"
117,BYTE,9,5,0,0.000000,SEM_PADRAO,"0 | 10 | 43 | 111 | 114"
-118,UINT16,9,9,0,0.000000,CAMPO_VARIAVEL,"0 | 3840 | 9475 | 19712 | 21248 | 26624 | 29184 | 29440 | 58112"
-118,BYTE,9,2,0,0.000000,CAMPO_CONSTANTE,"0 | 3"
118,UINT16,9,8,0,0.000000,SEM_PADRAO,"0 | 66 | 115 | 189 | 17152 | 18944 | 26880 | 28160"
118,BYTE,9,4,0,0.000000,SEM_PADRAO,"0 | 66 | 115 | 189"
-119,BYTE,9,5,0,0.000000,SEM_PADRAO,"0 | 97 | 106 | 110 | 111"
119,BYTE,9,5,0,0.000000,SEM_PADRAO,"0 | 67 | 74 | 105 | 110"
-120,UINT32,9,9,0,0.000000,CAMPO_VARIAVEL,"189 | 251658240 | 620953600 | 1291845632 | 1392508928 | 1744858624 | 1912627456 | 1929408256 | 3808455168"
-120,UINT16,9,6,0,0.000000,SEM_PADRAO,"0 | 189 | 24832 | 27136 | 28160 | 28416"
-120,BYTE,9,2,0,0.000000,CAMPO_CONSTANTE,"0 | 189"
120,UINT32,9,9,0,0.000000,CAMPO_VARIAVEL,"65536 | 6357100 | 8832818 | 16777216 | 100663296 | 700448768 | 1660974336 | 1761634304 | 1811955968"
120,UINT16,9,6,0,0.000000,SEM_PADRAO,"0 | 108 | 16640 | 26624 | 29952 | 50994"
120,BYTE,9,3,0,0.000000,CAMPO_CONSTANTE,"0 | 50 | 108"
-121,BYTE,9,6,0,0.000000,SEM_PADRAO,"0 | 7 | 77 | 100 | 105 | 189"
121,BYTE,9,5,0,0.000000,SEM_PADRAO,"0 | 65 | 104 | 117 | 199"
-122,UINT16,9,7,0,0.000000,SEM_PADRAO,"1 | 189 | 1792 | 19712 | 25600 | 26880 | 48384"
-122,BYTE,9,3,0,0.000000,CAMPO_CONSTANTE,"0 | 1 | 189"
122,UINT16,9,9,0,0.000000,CAMPO_VARIAVEL,"1 | 97 | 134 | 256 | 1536 | 10688 | 25344 | 26880 | 27648"
122,BYTE,9,5,0,0.000000,SEM_PADRAO,"0 | 1 | 97 | 134 | 192"
-123,BYTE,9,5,0,0.000000,SEM_PADRAO,"0 | 1 | 101 | 114 | 117"
123,BYTE,9,7,0,0.000000,SEM_PADRAO,"0 | 1 | 6 | 41 | 99 | 105 | 108"
-124,UINT32,9,9,0,0.000000,CAMPO_VARIAVEL,"65536 | 12386306 | 117440516 | 117440562 | 1291845632 | 1677750784 | 1761633536 | 1761637632 | 3170894080"
-124,UINT16,9,8,0,0.000000,SEM_PADRAO,"0 | 2 | 4 | 50 | 256 | 25856 | 29184 | 29952"
-124,BYTE,9,4,0,0.000000,SEM_PADRAO,"0 | 2 | 4 | 50"
124,UINT32,9,8,0,0.000000,SEM_PADRAO,"189 | 2304 | 48384 | 6488174 | 1761635840 | 1811998976 | 2013291776 | 2673737728"
124,UINT16,9,8,0,0.000000,SEM_PADRAO,"0 | 110 | 189 | 2304 | 25856 | 28160 | 48384 | 59648"
124,BYTE,9,3,0,0.000000,CAMPO_CONSTANTE,"0 | 110 | 189"
-125,BYTE,9,7,0,0.000000,SEM_PADRAO,"0 | 8 | 70 | 91 | 97 | 113 | 206"
125,BYTE,9,6,0,0.000000,SEM_PADRAO,"0 | 9 | 101 | 110 | 189 | 233"
-126,UINT16,9,8,0,0.000000,SEM_PADRAO,"0 | 111 | 2048 | 17920 | 23401 | 24832 | 28928 | 52959"
-126,BYTE,9,4,0,0.000000,SEM_PADRAO,"0 | 105 | 111 | 223"
126,UINT16,9,6,0,0.000000,SEM_PADRAO,"0 | 99 | 26880 | 27648 | 30720 | 40798"
126,BYTE,9,3,0,0.000000,CAMPO_CONSTANTE,"0 | 94 | 99"
-127,BYTE,9,4,0,0.000000,SEM_PADRAO,"0 | 32 | 67 | 114"
127,BYTE,9,5,0,0.000000,SEM_PADRAO,"0 | 105 | 108 | 120 | 159"
-128,UINT32,9,9,0,0.000000,CAMPO_VARIAVEL,"97 | 29184 | 7274604 | 134217778 | 1174413312 | 1533607936 | 1627407104 | 1895854592 | 3470721024"
-128,UINT16,9,7,0,0.000000,SEM_PADRAO,"0 | 50 | 97 | 108 | 8192 | 17152 | 29184"
-128,BYTE,9,4,0,0.000000,SEM_PADRAO,"0 | 50 | 97 | 108"
128,UINT32,9,9,0,0.000000,CAMPO_VARIAVEL,"111 | 10351 | 2232832 | 2466048 | 150994948 | 1342185472 | 1694518784 | 1744858624 | 1862297856"
128,UINT16,9,9,0,0.000000,CAMPO_VARIAVEL,"4 | 111 | 4608 | 8192 | 10351 | 19968 | 26880 | 28160 | 41216"
128,BYTE,9,3,0,0.000000,CAMPO_CONSTANTE,"0 | 4 | 111"
129,BYTE,9,8,0,0.000000,SEM_PADRAO,"0 | 18 | 32 | 40 | 78 | 105 | 110 | 161"
130,UINT16,9,8,0,0.000000,SEM_PADRAO,"0 | 34 | 37 | 2304 | 20480 | 25856 | 26624 | 28416"
130,BYTE,9,3,0,0.000000,CAMPO_CONSTANTE,"0 | 34 | 37"
131,BYTE,9,6,0,0.000000,SEM_PADRAO,"0 | 9 | 80 | 101 | 104 | 111"
132,UINT32,9,9,0,0.000000,CAMPO_VARIAVEL,"24832 | 312251 | 12386305 | 16777216 | 35997440 | 81462016 | 1275068416 | 1845520640 | 1912628992"
132,UINT16,9,8,0,0.000000,SEM_PADRAO,"0 | 1 | 768 | 18176 | 24832 | 26368 | 26880 | 50107"
132,BYTE,9,3,0,0.000000,CAMPO_CONSTANTE,"0 | 1 | 187"
133,BYTE,9,7,0,0.000000,SEM_PADRAO,"0 | 3 | 71 | 97 | 103 | 105 | 195"
134,UINT16,9,9,0,0.000000,CAMPO_VARIAVEL,"0 | 4 | 189 | 256 | 549 | 1243 | 19456 | 28160 | 29184"
134,BYTE,9,5,0,0.000000,SEM_PADRAO,"0 | 4 | 37 | 189 | 219"
135,BYTE,9,7,0,0.000000,SEM_PADRAO,"0 | 1 | 2 | 4 | 76 | 110 | 114"
136,UINT32,9,9,0,0.000000,CAMPO_VARIAVEL,"3584 | 48384 | 786432 | 1310720 | 722731008 | 1761633536 | 1862297600 | 1862330624 | 3170894336"
136,UINT16,9,7,0,0.000000,SEM_PADRAO,"0 | 512 | 3584 | 25856 | 26624 | 48384 | 59648"
136,BYTE,9,1,0,0.000000,CAMPO_CONSTANTE,"0"
137,BYTE,9,7,0,0.000000,SEM_PADRAO,"0 | 2 | 14 | 101 | 104 | 189 | 233"
138,UINT16,9,7,0,0.000000,SEM_PADRAO,"0 | 12 | 20 | 11028 | 26880 | 28416 | 48384"
138,BYTE,9,3,0,0.000000,CAMPO_CONSTANTE,"0 | 12 | 20"
139,BYTE,9,5,0,0.000000,SEM_PADRAO,"0 | 43 | 105 | 111 | 189"
140,UINT32,9,9,0,0.000000,CAMPO_VARIAVEL,"2663936 | 4390912 | 4849664 | 16777216 | 167772160 | 1291853824 | 1627409664 | 1862300160 | 2832728064"
140,UINT16,9,5,0,0.000000,SEM_PADRAO,"0 | 8192 | 19712 | 29184 | 42496"
140,BYTE,9,1,0,0.000000,CAMPO_CONSTANTE,"0"
141,BYTE,9,5,0,0.000000,SEM_PADRAO,"0 | 32 | 77 | 114 | 166"
142,UINT16,9,9,0,0.000000,CAMPO_VARIAVEL,"40 | 67 | 74 | 256 | 2560 | 19712 | 24832 | 28416 | 43224"
142,BYTE,9,5,0,0.000000,SEM_PADRAO,"0 | 40 | 67 | 74 | 216"
143,BYTE,9,7,0,0.000000,SEM_PADRAO,"0 | 1 | 10 | 77 | 97 | 111 | 168"
144,UINT32,9,9,0,0.000000,CAMPO_VARIAVEL,"29440 | 48384 | 7471201 | 14876783 | 234881158 | 845006080 | 1660969216 | 1660973568 | 4160749605"
144,UINT16,9,9,0,0.000000,CAMPO_VARIAVEL,"37 | 97 | 111 | 134 | 24832 | 29184 | 29440 | 48384 | 50432"
144,BYTE,9,5,0,0.000000,SEM_PADRAO,"0 | 37 | 97 | 111 | 134"
145,BYTE,9,6,0,0.000000,SEM_PADRAO,"0 | 97 | 114 | 115 | 189 | 197"
146,UINT16,9,7,0,0.000000,SEM_PADRAO,"0 | 114 | 227 | 3584 | 12893 | 25344 | 63488"
146,BYTE,9,4,0,0.000000,SEM_PADRAO,"0 | 93 | 114 | 227"
147,BYTE,9,5,0,0.000000,SEM_PADRAO,"0 | 14 | 50 | 99 | 248"
148,UINT32,9,9,0,0.000000,CAMPO_VARIAVEL,"1222 | 327680 | 2097263 | 2642944 | 7274604 | 1140850688 | 1811965184 | 3170894080 | 3909116160"
148,UINT16,9,8,0,0.000000,SEM_PADRAO,"0 | 108 | 111 | 256 | 1222 | 21504 | 24832 | 25856"
148,BYTE,9,4,0,0.000000,SEM_PADRAO,"0 | 108 | 111 | 198"
149,BYTE,9,6,0,0.000000,SEM_PADRAO,"0 | 1 | 4 | 84 | 97 | 101"
150,UINT16,9,9,0,0.000000,CAMPO_VARIAVEL,"0 | 5 | 32 | 40 | 111 | 17408 | 27648 | 48384 | 59648"
150,BYTE,9,5,0,0.000000,SEM_PADRAO,"0 | 5 | 32 | 40 | 111"
151,BYTE,9,5,0,0.000000,SEM_PADRAO,"0 | 68 | 108 | 189 | 233"
152,UINT32,9,9,0,0.000000,CAMPO_VARIAVEL,"15 | 2097267 | 4325376 | 6357058 | 16777216 | 536899328 | 844857856 | 1845518592 | 3439329280"
152,UINT16,9,7,0,0.000000,SEM_PADRAO,"0 | 15 | 66 | 115 | 24832 | 28416 | 33280"
152,BYTE,9,4,0,0.000000,SEM_PADRAO,"0 | 15 | 66 | 115"
153,BYTE,9,4,0,0.000000,SEM_PADRAO,"0 | 97 | 111 | 130"
154,UINT16,9,9,0,0.000000,CAMPO_VARIAVEL,"0 | 32 | 66 | 97 | 256 | 8192 | 12891 | 28160 | 52480"
154,BYTE,9,5,0,0.000000,SEM_PADRAO,"0 | 32 | 66 | 91 | 97"
155,BYTE,9,6,0,0.000000,SEM_PADRAO,"0 | 1 | 32 | 50 | 110 | 205"
156,UINT32,9,9,0,0.000000,CAMPO_VARIAVEL,"48384 | 327680 | 6619212 | 6881396 | 7077953 | 7077985 | 872415275 | 1627409664 | 1694525696"
156,UINT16,9,9,0,0.000000,CAMPO_VARIAVEL,"0 | 43 | 65 | 76 | 97 | 116 | 19712 | 26880 | 48384"
156,BYTE,9,6,0,0.000000,SEM_PADRAO,"0 | 43 | 65 | 76 | 97 | 116"
157,BYTE,9,4,0,0.000000,SEM_PADRAO,"0 | 77 | 105 | 189"
158,UINT16,9,8,0,0.000000,SEM_PADRAO,"0 | 5 | 101 | 105 | 108 | 13312 | 24832 | 25856"
158,BYTE,9,5,0,0.000000,SEM_PADRAO,"0 | 5 | 101 | 105 | 108"
159,BYTE,9,4,0,0.000000,SEM_PADRAO,"0 | 52 | 97 | 101"
160,UINT32,9,9,0,0.000000,CAMPO_VARIAVEL,"34503 | 2736384 | 5177344 | 6619234 | 7209057 | 7274723 | 7602291 | 536898560 | 1946186752"
160,UINT16,9,9,0,0.000000,CAMPO_VARIAVEL,"0 | 97 | 98 | 115 | 227 | 27648 | 29696 | 34503 | 49408"
160,BYTE,9,6,0,0.000000,SEM_PADRAO,"0 | 97 | 98 | 115 | 199 | 227"
161,BYTE,9,5,0,0.000000,SEM_PADRAO,"0 | 108 | 116 | 134 | 193"
162,UINT16,9,9,0,0.000000,CAMPO_VARIAVEL,"0 | 41 | 79 | 101 | 110 | 111 | 116 | 8192 | 29696"
162,BYTE,9,7,0,0.000000,SEM_PADRAO,"0 | 41 | 79 | 101 | 110 | 111 | 116"
163,BYTE,9,3,0,0.000000,CAMPO_CONSTANTE,"0 | 32 | 116"
164,UINT32,9,9,0,0.000000,CAMPO_VARIAVEL,"10 | 97 | 65536 | 7471204 | 7602290 | 7733348 | 77545728 | 1627409664 | 1929408256"
164,UINT16,9,8,0,0.000000,SEM_PADRAO,"0 | 10 | 97 | 100 | 114 | 16640 | 19712 | 28416"
164,BYTE,9,5,0,0.000000,SEM_PADRAO,"0 | 10 | 97 | 100 | 114"
165,BYTE,9,4,0,0.000000,SEM_PADRAO,"0 | 65 | 77 | 111"
166,UINT16,9,8,0,0.000000,SEM_PADRAO,"0 | 1 | 114 | 116 | 118 | 1183 | 24832 | 29440"
166,BYTE,9,6,0,0.000000,SEM_PADRAO,"0 | 1 | 114 | 116 | 118 | 159"
167,BYTE,9,4,0,0.000000,SEM_PADRAO,"0 | 4 | 97 | 115"
168,UINT32,9,8,0,0.000000,SEM_PADRAO,"189 | 262144 | 2097263 | 7209025 | 7209057 | 12386310 | 16777216 | 1895854592"
168,UINT16,9,7,0,0.000000,SEM_PADRAO,"0 | 6 | 65 | 97 | 111 | 189 | 29184"
168,BYTE,9,6,0,0.000000,SEM_PADRAO,"0 | 6 | 65 | 97 | 111 | 189"
169,BYTE,9,2,0,0.000000,CAMPO_CONSTANTE,"0 | 114"
170,UINT16,9,7,0,0.000000,SEM_PADRAO,"0 | 4 | 32 | 110 | 189 | 256 | 28928"
170,BYTE,9,5,0,0.000000,SEM_PADRAO,"0 | 4 | 32 | 110 | 189"
171,BYTE,9,3,0,0.000000,CAMPO_CONSTANTE,"0 | 1 | 113"
172,UINT32,9,9,0,0.000000,CAMPO_VARIAVEL,"10407 | 48384 | 65536 | 5505024 | 6357069 | 6881363 | 7471204 | 571670528 | 1694528768"
172,UINT16,9,7,0,0.000000,SEM_PADRAO,"0 | 77 | 83 | 100 | 10407 | 29952 | 48384"
172,BYTE,9,5,0,0.000000,SEM_PADRAO,"0 | 77 | 83 | 100 | 167"
173,BYTE,9,4,0,0.000000,SEM_PADRAO,"0 | 40 | 117 | 189"
174,UINT16,9,8,0,0.000000,SEM_PADRAO,"0 | 1 | 84 | 97 | 105 | 114 | 8723 | 25856"
174,BYTE,9,7,0,0.000000,SEM_PADRAO,"0 | 1 | 19 | 84 | 97 | 105 | 114"
175,BYTE,9,3,0,0.000000,CAMPO_CONSTANTE,"0 | 34 | 101"
176,UINT32,9,9,0,0.000000,CAMPO_VARIAVEL,"189 | 29440 | 2097385 | 2650112 | 3300809 | 6815843 | 6881513 | 7733356 | 2807824384"
176,UINT16,9,8,0,0.000000,SEM_PADRAO,"0 | 99 | 108 | 189 | 233 | 24009 | 28672 | 29440"
176,BYTE,9,6,0,0.000000,SEM_PADRAO,"0 | 99 | 108 | 189 | 201 | 233"
177,BYTE,9,4,0,0.000000,SEM_PADRAO,"0 | 93 | 112 | 115"
178,UINT16,9,8,0,0.000000,SEM_PADRAO,"0 | 32 | 40 | 50 | 104 | 105 | 118 | 42844"
178,BYTE,9,8,0,0.000000,SEM_PADRAO,"0 | 32 | 40 | 50 | 92 | 104 | 105 | 118"
179,BYTE,9,2,0,0.000000,CAMPO_CONSTANTE,"0 | 167"
180,UINT32,9,9,0,0.000000,CAMPO_VARIAVEL,"97 | 111 | 1536 | 10325 | 6553697 | 6881356 | 67108868 | 79936512 | 3170894080"
180,UINT16,9,8,0,0.000000,SEM_PADRAO,"4 | 76 | 97 | 111 | 256 | 1536 | 10325 | 48128"
180,BYTE,9,6,0,0.000000,SEM_PADRAO,"0 | 4 | 76 | 85 | 97 | 111"
181,BYTE,9,5,0,0.000000,SEM_PADRAO,"0 | 1 | 6 | 40 | 188"
182,UINT16,9,6,0,0.000000,SEM_PADRAO,"0 | 100 | 105 | 1024 | 1219 | 48384"
182,BYTE,9,4,0,0.000000,SEM_PADRAO,"0 | 100 | 105 | 195"
183,BYTE,9,3,0,0.000000,CAMPO_CONSTANTE,"0 | 4 | 189"
184,UINT32,9,8,0,0.000000,SEM_PADRAO,"111 | 655360 | 3300227 | 6357101 | 12386305 | 352321536 | 1409286144 | 1627407104"
184,UINT16,9,6,0,0.000000,SEM_PADRAO,"0 | 1 | 109 | 111 | 17152 | 23427"
184,BYTE,9,5,0,0.000000,SEM_PADRAO,"0 | 1 | 109 | 111 | 131"
185,BYTE,9,3,0,0.000000,CAMPO_CONSTANTE,"0 | 67 | 91"
186,UINT16,9,8,0,0.000000,SEM_PADRAO,"0 | 10 | 50 | 97 | 189 | 5376 | 21504 | 24832"
186,BYTE,9,5,0,0.000000,SEM_PADRAO,"0 | 10 | 50 | 97 | 189"
187,BYTE,9,4,0,0.000000,SEM_PADRAO,"0 | 21 | 84 | 97"
188,UINT32,9,9,0,0.000000,CAMPO_VARIAVEL,"2048 | 65536 | 4849664 | 12386306 | 631373824 | 700579840 | 1694526720 | 3808454912 | 3875536939"
188,UINT16,9,6,0,0.000000,SEM_PADRAO,"0 | 2 | 43 | 2048 | 26880 | 27904"
188,BYTE,9,3,0,0.000000,CAMPO_CONSTANTE,"0 | 2 | 43"
189,BYTE,9,4,0,0.000000,SEM_PADRAO,"0 | 8 | 105 | 109"
190,UINT16,9,9,0,0.000000,CAMPO_VARIAVEL,"0 | 1 | 74 | 189 | 9634 | 10690 | 25856 | 58112 | 59136"
190,BYTE,9,6,0,0.000000,SEM_PADRAO,"0 | 1 | 74 | 162 | 189 | 194"
191,BYTE,9,6,0,0.000000,SEM_PADRAO,"0 | 37 | 41 | 101 | 227 | 231"
192,UINT32,9,9,0,0.000000,CAMPO_VARIAVEL,"189 | 28416 | 34472 | 6357093 | 621477888 | 1233846272 | 1694518272 | 2667773952 | 3774903296"
192,UINT16,9,7,0,0.000000,SEM_PADRAO,"0 | 101 | 189 | 19456 | 28416 | 29696 | 34472"
192,BYTE,9,4,0,0.000000,SEM_PADRAO,"0 | 101 | 168 | 189"
193,BYTE,9,5,0,0.000000,SEM_PADRAO,"0 | 76 | 111 | 116 | 134"
194,UINT16,9,7,0,0.000000,SEM_PADRAO,"0 | 97 | 9483 | 18827 | 25856 | 40707 | 57600"
194,BYTE,9,5,0,0.000000,SEM_PADRAO,"0 | 3 | 11 | 97 | 139"
195,BYTE,9,6,0,0.000000,SEM_PADRAO,"0 | 37 | 73 | 101 | 159 | 225"
196,UINT32,9,9,0,0.000000,CAMPO_VARIAVEL,"6 | 11214 | 2097262 | 16777216 | 83886084 | 117440617 | 536899328 | 3170895360 | 3213819904"
196,UINT16,9,8,0,0.000000,SEM_PADRAO,"0 | 4 | 6 | 105 | 110 | 1536 | 11214 | 28416"
196,BYTE,9,6,0,0.000000,SEM_PADRAO,"0 | 4 | 6 | 105 | 110 | 206"
197,BYTE,9,4,0,0.000000,SEM_PADRAO,"0 | 6 | 43 | 111"
198,UINT16,9,8,0,0.000000,SEM_PADRAO,"0 | 32 | 256 | 1280 | 1792 | 8192 | 48384 | 49039"
198,BYTE,9,3,0,0.000000,CAMPO_CONSTANTE,"0 | 32 | 143"
199,BYTE,9,7,0,0.000000,SEM_PADRAO,"0 | 1 | 5 | 7 | 32 | 189 | 191"
200,UINT32,9,9,0,0.000000,CAMPO_VARIAVEL,"48384 | 6357059 | 6619204 | 8832824 | 251658244 | 335544320 | 1157627904 | 1459617792 | 1761627136"
200,UINT16,9,7,0,0.000000,SEM_PADRAO,"0 | 4 | 67 | 68 | 19456 | 48384 | 51000"
200,BYTE,9,5,0,0.000000,SEM_PADRAO,"0 | 4 | 56 | 67 | 68"
201,BYTE,9,4,0,0.000000,SEM_PADRAO,"0 | 76 | 189 | 199"
202,UINT16,9,9,0,0.000000,CAMPO_VARIAVEL,"0 | 97 | 101 | 134 | 3840 | 5120 | 17664 | 22272 | 26880"
202,BYTE,9,4,0,0.000000,SEM_PADRAO,"0 | 97 | 101 | 134"
203,BYTE,9,6,0,0.000000,SEM_PADRAO,"0 | 15 | 20 | 69 | 87 | 105"
204,UINT32,9,9,0,0.000000,CAMPO_VARIAVEL,"2816 | 2664448 | 6357100 | 7078002 | 1291845632 | 1627417856 | 1694524416 | 1845518592 | 4261412898"
204,UINT16,9,9,0,0.000000,CAMPO_VARIAVEL,"0 | 34 | 108 | 114 | 2816 | 24832 | 25600 | 27904 | 43008"
204,BYTE,9,4,0,0.000000,SEM_PADRAO,"0 | 34 | 108 | 114"
205,BYTE,9,6,0,0.000000,SEM_PADRAO,"0 | 11 | 97 | 100 | 109 | 168"
206,UINT16,9,9,0,0.000000,CAMPO_VARIAVEL,"0 | 40 | 97 | 108 | 19712 | 24832 | 25856 | 28160 | 65024"
206,BYTE,9,4,0,0.000000,SEM_PADRAO,"0 | 40 | 97 | 108"
207,BYTE,9,6,0,0.000000,SEM_PADRAO,"0 | 77 | 97 | 101 | 110 | 254"
208,UINT32,9,9,0,0.000000,CAMPO_VARIAVEL,"111 | 1237 | 6881390 | 16777216 | 845008896 | 1694516736 | 1862296576 | 1912627456 | 1979740672"
208,UINT16,9,9,0,0.000000,CAMPO_VARIAVEL,"0 | 110 | 111 | 1237 | 17920 | 24832 | 25600 | 29184 | 53248"
208,BYTE,9,4,0,0.000000,SEM_PADRAO,"0 | 110 | 111 | 213"
209,BYTE,9,7,0,0.000000,SEM_PADRAO,"0 | 4 | 70 | 97 | 100 | 114 | 208"
210,UINT16,9,8,0,0.000000,SEM_PADRAO,"0 | 105 | 256 | 12893 | 25856 | 28416 | 29184 | 30208"
210,BYTE,9,3,0,0.000000,CAMPO_CONSTANTE,"0 | 93 | 105"
211,BYTE,9,7,0,0.000000,SEM_PADRAO,"0 | 1 | 50 | 101 | 111 | 114 | 118"
212,UINT32,9,9,0,0.000000,CAMPO_VARIAVEL,"5 | 48384 | 65536 | 1048576 | 12386305 | 16777216 | 1761635328 | 1845518592 | 1962959616"
212,UINT16,9,7,0,0.000000,SEM_PADRAO,"0 | 1 | 5 | 24832 | 25344 | 27648 | 48384"
212,BYTE,9,3,0,0.000000,CAMPO_CONSTANTE,"0 | 1 | 5"
213,BYTE,9,5,0,0.000000,SEM_PADRAO,"0 | 97 | 99 | 108 | 189"
214,UINT16,9,8,0,0.000000,SEM_PADRAO,"0 | 1 | 16 | 189 | 256 | 26880 | 28160 | 29952"
214,BYTE,9,4,0,0.000000,SEM_PADRAO,"0 | 1 | 16 | 189"
215,BYTE,9,5,0,0.000000,SEM_PADRAO,"0 | 1 | 105 | 110 | 117"
216,UINT32,9,9,0,0.000000,CAMPO_VARIAVEL,"189 | 48384 | 2643456 | 5046272 | 16384074 | 16777216 | 536900352 | 678494208 | 1694527488"
216,UINT16,9,7,0,0.000000,SEM_PADRAO,"0 | 74 | 189 | 22016 | 28672 | 29440 | 48384"
216,BYTE,9,3,0,0.000000,CAMPO_CONSTANTE,"0 | 74 | 189"
217,BYTE,9,5,0,0.000000,SEM_PADRAO,"0 | 86 | 112 | 115 | 189"
218,UINT16,9,8,0,0.000000,SEM_PADRAO,"0 | 40 | 77 | 250 | 256 | 8192 | 10353 | 25856"
218,BYTE,9,5,0,0.000000,SEM_PADRAO,"0 | 40 | 77 | 113 | 250"
219,BYTE,9,5,0,0.000000,SEM_PADRAO,"0 | 1 | 32 | 40 | 101"
220,UINT32,9,9,0,0.000000,CAMPO_VARIAVEL,"11030 | 48384 | 2736896 | 6881388 | 7471329 | 844858624 | 1090527232 | 1550319616 | 1761629952"
220,UINT16,9,9,0,0.000000,CAMPO_VARIAVEL,"0 | 108 | 225 | 8192 | 11030 | 22272 | 34048 | 48384 | 49920"
220,BYTE,9,4,0,0.000000,SEM_PADRAO,"0 | 22 | 108 | 225"
221,BYTE,9,7,0,0.000000,SEM_PADRAO,"0 | 32 | 43 | 87 | 133 | 189 | 195"
222,UINT16,9,8,0,0.000000,SEM_PADRAO,"0 | 41 | 105 | 114 | 12891 | 16640 | 23656 | 26880"
222,BYTE,9,6,0,0.000000,SEM_PADRAO,"0 | 41 | 91 | 104 | 105 | 114"
223,BYTE,9,5,0,0.000000,SEM_PADRAO,"0 | 50 | 65 | 92 | 105"
224,UINT32,9,9,0,0.000000,CAMPO_VARIAVEL,"111 | 327680 | 2466560 | 6881379 | 8825081 | 77529088 | 201326642 | 1761635840 | 3808453632"
224,UINT16,9,8,0,0.000000,SEM_PADRAO,"0 | 50 | 99 | 111 | 25600 | 28160 | 41728 | 43257"
224,BYTE,9,5,0,0.000000,SEM_PADRAO,"0 | 50 | 99 | 111 | 249"
225,BYTE,9,5,0,0.000000,SEM_PADRAO,"0 | 100 | 110 | 163 | 168"
226,UINT16,9,9,0,0.000000,CAMPO_VARIAVEL,"0 | 5 | 37 | 105 | 134 | 1183 | 3072 | 26880 | 58112"
226,BYTE,9,6,0,0.000000,SEM_PADRAO,"0 | 5 | 37 | 105 | 134 | 159"
227,BYTE,9,5,0,0.000000,SEM_PADRAO,"0 | 4 | 12 | 105 | 227"
228,UINT32,9,9,0,0.000000,CAMPO_VARIAVEL,"3328 | 28416 | 458752 | 2097263 | 4849664 | 12386310 | 1224736768 | 1761633024 | 1766424064"
228,UINT16,9,7,0,0.000000,SEM_PADRAO,"0 | 6 | 111 | 3328 | 25344 | 28416 | 32256"
228,BYTE,9,3,0,0.000000,CAMPO_CONSTANTE,"0 | 6 | 111"
229,BYTE,9,5,0,0.000000,SEM_PADRAO,"0 | 13 | 99 | 111 | 126"
230,UINT16,9,8,0,0.000000,SEM_PADRAO,"0 | 7 | 32 | 74 | 189 | 18688 | 26880 | 26953"
230,BYTE,9,6,0,0.000000,SEM_PADRAO,"0 | 7 | 32 | 73 | 74 | 189"
231,BYTE,9,3,0,0.000000,CAMPO_CONSTANTE,"0 | 73 | 105"
232,UINT32,9,9,0,0.000000,CAMPO_VARIAVEL,"589824 | 5046272 | 6357059 | 7536741 | 571801600 | 1845522176 | 1929409792 | 3170894080 | 3909110784"
232,UINT16,9,7,0,0.000000,SEM_PADRAO,"0 | 67 | 101 | 256 | 19456 | 28416 | 29952"
232,BYTE,9,3,0,0.000000,CAMPO_CONSTANTE,"0 | 67 | 101"
233,BYTE,9,5,0,0.000000,SEM_PADRAO,"0 | 1 | 76 | 111 | 117"
234,UINT16,9,9,0,0.000000,CAMPO_VARIAVEL,"9 | 77 | 97 | 115 | 8725 | 28160 | 29440 | 48384 | 59648"
234,BYTE,9,6,0,0.000000,SEM_PADRAO,"0 | 9 | 21 | 77 | 97 | 115"
235,BYTE,9,6,0,0.000000,SEM_PADRAO,"0 | 34 | 110 | 115 | 189 | 233"
236,UINT32,9,9,0,0.000000,CAMPO_VARIAVEL,"5439488 | 7143541 | 7209057 | 7602291 | 33554432 | 536899328 | 2030067968 | 3242000384 | 3472883712"
236,UINT16,9,6,0,0.000000,SEM_PADRAO,"0 | 97 | 115 | 117 | 24832 | 28416"
236,BYTE,9,4,0,0.000000,SEM_PADRAO,"0 | 97 | 115 | 117"
237,BYTE,9,3,0,0.000000,CAMPO_CONSTANTE,"0 | 97 | 111"
238,UINT16,9,9,0,0.000000,CAMPO_VARIAVEL,"83 | 109 | 110 | 116 | 512 | 8192 | 30976 | 49469 | 52992"
238,BYTE,9,6,0,0.000000,SEM_PADRAO,"0 | 61 | 83 | 109 | 110 | 116"
239,BYTE,9,6,0,0.000000,SEM_PADRAO,"0 | 2 | 32 | 121 | 193 | 207"
240,UINT32,9,9,0,0.000000,CAMPO_VARIAVEL,"48384 | 65536 | 7077993 | 7209057 | 7667811 | 134217732 | 989855787 | 1677729792 | 1862288896"
240,UINT16,9,9,0,0.000000,CAMPO_VARIAVEL,"0 | 4 | 43 | 97 | 99 | 105 | 8192 | 17920 | 48384"
240,BYTE,9,6,0,0.000000,SEM_PADRAO,"0 | 4 | 43 | 97 | 99 | 105"
241,BYTE,9,4,0,0.000000,SEM_PADRAO,"0 | 32 | 70 | 189"
242,UINT16,9,9,0,0.000000,CAMPO_VARIAVEL,"0 | 1 | 108 | 110 | 117 | 2048 | 15104 | 25600 | 28416"
242,BYTE,9,5,0,0.000000,SEM_PADRAO,"0 | 1 | 108 | 110 | 117"
243,BYTE,9,5,0,0.000000,SEM_PADRAO,"0 | 8 | 59 | 100 | 111"
244,UINT32,9,9,0,0.000000,CAMPO_VARIAVEL,"189 | 34503 | 2427904 | 6357094 | 6357096 | 7274611 | 536895744 | 1241513984 | 1946186240"
244,UINT16,9,9,0,0.000000,CAMPO_VARIAVEL,"0 | 102 | 104 | 115 | 189 | 3072 | 24832 | 29184 | 34503"
244,BYTE,9,6,0,0.000000,SEM_PADRAO,"0 | 102 | 104 | 115 | 189 | 199"
245,BYTE,9,5,0,0.000000,SEM_PADRAO,"0 | 12 | 97 | 114 | 134"
246,UINT16,9,7,0,0.000000,SEM_PADRAO,"0 | 37 | 97 | 111 | 8192 | 18944 | 29696"
246,BYTE,9,4,0,0.000000,SEM_PADRAO,"0 | 37 | 97 | 111"
247,BYTE,9,4,0,0.000000,SEM_PADRAO,"0 | 32 | 74 | 116"
248,UINT32,9,9,0,0.000000,CAMPO_VARIAVEL,"7 | 108 | 10327 | 65536 | 7078002 | 1845522176 | 1845523712 | 1962953728 | 2260569856"
248,UINT16,9,9,0,0.000000,CAMPO_VARIAVEL,"0 | 7 | 108 | 114 | 10327 | 19456 | 28416 | 29952 | 36608"
248,BYTE,9,5,0,0.000000,SEM_PADRAO,"0 | 7 | 87 | 108 | 114"
249,BYTE,9,6,0,0.000000,SEM_PADRAO,"0 | 40 | 76 | 111 | 117 | 143"
250,UINT16,9,6,0,0.000000,SEM_PADRAO,"0 | 1 | 108 | 28160 | 29952 | 34493"
250,BYTE,9,4,0,0.000000,SEM_PADRAO,"0 | 1 | 108 | 189"
251,BYTE,9,4,0,0.000000,SEM_PADRAO,"0 | 110 | 117 | 134"
252,UINT32,9,8,0,0.000000,SEM_PADRAO,"189 | 31232 | 306027 | 720896 | 7667789 | 7929957 | 12386305 | 1946181888"
252,UINT16,9,8,0,0.000000,SEM_PADRAO,"0 | 1 | 77 | 101 | 189 | 24832 | 31232 | 43883"
252,BYTE,9,6,0,0.000000,SEM_PADRAO,"0 | 1 | 77 | 101 | 107 | 189"
253,BYTE,9,4,0,0.000000,SEM_PADRAO,"0 | 97 | 122 | 171"
254,UINT16,9,7,0,0.000000,SEM_PADRAO,"0 | 4 | 11 | 117 | 121 | 189 | 29696"
254,BYTE,9,6,0,0.000000,SEM_PADRAO,"0 | 4 | 11 | 117 | 121 | 189"
255,BYTE,9,2,0,0.000000,CAMPO_CONSTANTE,"0 | 116"
256,UINT32,9,9,0,0.000000,CAMPO_VARIAVEL,"1792 | 10692 | 28416 | 65536 | 4980736 | 6881394 | 682164224 | 1627416576 | 3170894080"
256,UINT16,9,7,0,0.000000,SEM_PADRAO,"0 | 114 | 256 | 1792 | 10692 | 26624 | 28416"
256,BYTE,9,3,0,0.000000,CAMPO_CONSTANTE,"0 | 114 | 196"
