display_name,database_id,internal_person_id,reference_kind,reference_offset,club_reference_kind,data_type,club_value,club_offset,relative_offset,is_identity_record_occurrence
"André Bahia",311169,68196,DATABASE_ID,0x007F3D62,CLUB_DATABASE_ID,UINT16,322,0x007F3C76,-236,False
"André Bahia",311169,68196,DATABASE_ID,0x007F3D62,CLUB_DATABASE_ID,UINT32,322,0x007F3C76,-236,False
"André Bahia",311169,68196,DATABASE_ID,0x007F3D62,CLUB_SAVE_INDEX,UINT16,51,0x007F3D29,-57,False
"André Bahia",311169,68196,DATABASE_ID,0x007F3D62,CLUB_SAVE_INDEX,UINT32,51,0x007F3D29,-57,False
"André Bahia",311169,68196,DATABASE_ID,0x007F3D62,CLUB_SAVE_INDEX,UINT16,51,0x007F3D51,-17,False
"André Bahia",311169,68196,DATABASE_ID,0x007F3D62,CLUB_SAVE_INDEX,UINT32,51,0x007F3D51,-17,False
"André Bahia",311169,68196,DATABASE_ID,0x007F3D62,CLUB_SAVE_INDEX,UINT16,51,0x007F3DDD,123,False
"André Bahia",311169,68196,DATABASE_ID,0x007F3D62,CLUB_SAVE_INDEX,UINT32,51,0x007F3DDD,123,False
"André Bahia",311169,68196,INTERNAL_PERSON_ID,0x007F3CBF,CLUB_DATABASE_ID,UINT16,322,0x007F3C76,-73,False
"André Bahia",311169,68196,INTERNAL_PERSON_ID,0x007F3CBF,CLUB_DATABASE_ID,UINT32,322,0x007F3C76,-73,False
"André Bahia",311169,68196,INTERNAL_PERSON_ID,0x007F3CBF,CLUB_SAVE_INDEX,UINT16,51,0x007F3D29,106,False
"André Bahia",311169,68196,INTERNAL_PERSON_ID,0x007F3CBF,CLUB_SAVE_INDEX,UINT32,51,0x007F3D29,106,False
"André Bahia",311169,68196,INTERNAL_PERSON_ID,0x007F3CBF,CLUB_SAVE_INDEX,UINT16,51,0x007F3D51,146,False
"André Bahia",311169,68196,INTERNAL_PERSON_ID,0x007F3CBF,CLUB_SAVE_INDEX,UINT32,51,0x007F3D51,146,False
"Andrezinho",302728,50407,DATABASE_ID,0x00799468,CLUB_DATABASE_ID,UINT16,322,0x0079937C,-236,False
"Andrezinho",302728,50407,DATABASE_ID,0x00799468,CLUB_DATABASE_ID,UINT32,322,0x0079937C,-236,False
"Andrezinho",302728,50407,DATABASE_ID,0x00799468,CLUB_SAVE_INDEX,UINT16,51,0x0079942F,-57,False
"Andrezinho",302728,50407,DATABASE_ID,0x00799468,CLUB_SAVE_INDEX,UINT32,51,0x0079942F,-57,False
"Andrezinho",302728,50407,DATABASE_ID,0x00799468,CLUB_SAVE_INDEX,UINT16,51,0x00799457,-17,False
"Andrezinho",302728,50407,DATABASE_ID,0x00799468,CLUB_SAVE_INDEX,UINT32,51,0x00799457,-17,False
"Andrezinho",302728,50407,DATABASE_ID,0x00799468,CLUB_SAVE_INDEX,UINT16,51,0x0079951B,179,False
"Andrezinho",302728,50407,DATABASE_ID,0x00799468,CLUB_SAVE_INDEX,UINT32,51,0x0079951B,179,False
"Andrezinho",302728,50407,INTERNAL_PERSON_ID,0x007993C1,CLUB_DATABASE_ID,UINT16,322,0x0079937C,-69,False
"Andrezinho",302728,50407,INTERNAL_PERSON_ID,0x007993C1,CLUB_DATABASE_ID,UINT32,322,0x0079937C,-69,False
"Andrezinho",302728,50407,INTERNAL_PERSON_ID,0x007993C1,CLUB_SAVE_INDEX,UINT16,51,0x0079942F,110,False
"Andrezinho",302728,50407,INTERNAL_PERSON_ID,0x007993C1,CLUB_SAVE_INDEX,UINT32,51,0x0079942F,110,False
"Andrezinho",302728,50407,INTERNAL_PERSON_ID,0x007993C1,CLUB_SAVE_INDEX,UINT16,51,0x00799457,150,False
"Andrezinho",302728,50407,INTERNAL_PERSON_ID,0x007993C1,CLUB_SAVE_INDEX,UINT32,51,0x00799457,150,False
"Bruno Santos",8832815,11210,DATABASE_ID,0x0094E44B,CLUB_DATABASE_ID,UINT16,322,0x0094E36F,-220,False
"Bruno Santos",8832815,11210,DATABASE_ID,0x0094E44B,CLUB_DATABASE_ID,UINT32,322,0x0094E36F,-220,False
"Bruno Santos",8832815,11210,DATABASE_ID,0x0094E44B,CLUB_SAVE_INDEX,UINT16,51,0x0094E412,-57,False
"Bruno Santos",8832815,11210,DATABASE_ID,0x0094E44B,CLUB_SAVE_INDEX,UINT32,51,0x0094E412,-57,False
"Bruno Santos",8832815,11210,DATABASE_ID,0x0094E44B,CLUB_SAVE_INDEX,UINT16,51,0x0094E43A,-17,False
"Bruno Santos",8832815,11210,DATABASE_ID,0x0094E44B,CLUB_SAVE_INDEX,UINT32,51,0x0094E43A,-17,False
"Bruno Santos",8832815,11210,DATABASE_ID,0x0094E44B,CLUB_DATABASE_ID,UINT16,322,0x0094E4A4,89,False
"Bruno Santos",8832815,11210,DATABASE_ID,0x0094E44B,CLUB_DATABASE_ID,UINT32,322,0x0094E4A4,89,False
"Bruno Santos",8832815,11210,DATABASE_ID,0x0094E44B,CLUB_SAVE_INDEX,UINT16,51,0x0094E547,252,False
"Bruno Santos",8832815,11210,DATABASE_ID,0x0094E44B,CLUB_SAVE_INDEX,UINT32,51,0x0094E547,252,False
"Bruno Santos",8832815,11210,INTERNAL_PERSON_ID,0x0094E3AC,CLUB_DATABASE_ID,UINT16,322,0x0094E36F,-61,False
"Bruno Santos",8832815,11210,INTERNAL_PERSON_ID,0x0094E3AC,CLUB_DATABASE_ID,UINT32,322,0x0094E36F,-61,False
"Bruno Santos",8832815,11210,INTERNAL_PERSON_ID,0x0094E3AC,CLUB_SAVE_INDEX,UINT16,51,0x0094E412,102,False
"Bruno Santos",8832815,11210,INTERNAL_PERSON_ID,0x0094E3AC,CLUB_SAVE_INDEX,UINT32,51,0x0094E412,102,False
"Bruno Santos",8832815,11210,INTERNAL_PERSON_ID,0x0094E3AC,CLUB_SAVE_INDEX,UINT16,51,0x0094E43A,142,False
"Bruno Santos",8832815,11210,INTERNAL_PERSON_ID,0x0094E3AC,CLUB_SAVE_INDEX,UINT32,51,0x0094E43A,142,False
"Bruno Santos",8832815,11210,INTERNAL_PERSON_ID,0x0094E3AC,CLUB_DATABASE_ID,UINT16,322,0x0094E4A4,248,False
"Bruno Santos",8832815,11210,INTERNAL_PERSON_ID,0x0094E3AC,CLUB_DATABASE_ID,UINT32,322,0x0094E4A4,248,False
"Dimba",303048,50294,DATABASE_ID,0x0079B8A7,CLUB_DATABASE_ID,UINT16,322,0x0079B7A8,-255,False
"Dimba",303048,50294,DATABASE_ID,0x0079B8A7,CLUB_DATABASE_ID,UINT32,322,0x0079B7A8,-255,False
"Dimba",303048,50294,DATABASE_ID,0x0079B8A7,CLUB_SAVE_INDEX,UINT16,51,0x0079B856,-81,False
"Dimba",303048,50294,DATABASE_ID,0x0079B8A7,CLUB_SAVE_INDEX,UINT32,51,0x0079B856,-81,False
"Dimba",303048,50294,INTERNAL_PERSON_ID,0x0079B7ED,CLUB_SAVE_INDEX,UINT16,51,0x0079B780,-109,False
"Dimba",303048,50294,INTERNAL_PERSON_ID,0x0079B7ED,CLUB_SAVE_INDEX,UINT32,51,0x0079B780,-109,False
"Dimba",303048,50294,INTERNAL_PERSON_ID,0x0079B7ED,CLUB_DATABASE_ID,UINT16,322,0x0079B7A8,-69,False
"Dimba",303048,50294,INTERNAL_PERSON_ID,0x0079B7ED,CLUB_DATABASE_ID,UINT32,322,0x0079B7A8,-69,False
"Dimba",303048,50294,INTERNAL_PERSON_ID,0x0079B7ED,CLUB_SAVE_INDEX,UINT16,51,0x0079B856,105,False
"Dimba",303048,50294,INTERNAL_PERSON_ID,0x0079B7ED,CLUB_SAVE_INDEX,UINT32,51,0x0079B856,105,False
"Douglas Silva",3300410,10349,DATABASE_ID,0x008CFFC2,CLUB_SAVE_INDEX,UINT16,51,0x008CFF71,-81,False
"Douglas Silva",3300410,10349,DATABASE_ID,0x008CFFC2,CLUB_SAVE_INDEX,UINT32,51,0x008CFF71,-81,False
"Douglas Silva",3300410,10349,DATABASE_ID,0x008CFFC2,CLUB_SAVE_INDEX,UINT16,51,0x008CFFB1,-17,False
"Douglas Silva",3300410,10349,DATABASE_ID,0x008CFFC2,CLUB_SAVE_INDEX,UINT32,51,0x008CFFB1,-17,False
"Douglas Silva",3300410,10349,INTERNAL_PERSON_ID,0x008CFEDD,CLUB_SAVE_INDEX,UINT16,51,0x008CFF71,148,False
"Douglas Silva",3300410,10349,INTERNAL_PERSON_ID,0x008CFEDD,CLUB_SAVE_INDEX,UINT32,51,0x008CFF71,148,False
"Douglas Silva",3300410,10349,INTERNAL_PERSON_ID,0x008CFEDD,CLUB_SAVE_INDEX,UINT16,51,0x008CFFB1,212,False
"Douglas Silva",3300410,10349,INTERNAL_PERSON_ID,0x008CFEDD,CLUB_SAVE_INDEX,UINT32,51,0x008CFFB1,212,False
"Douglas Silva",3300410,10349,INTERNAL_PERSON_ID,0x009AF359,CLUB_SAVE_INDEX,UINT16,51,0x009AF444,235,False
"Fabiano Eller",3300219,68361,DATABASE_ID,0x008CB64B,CLUB_DATABASE_ID,UINT16,322,0x008CB554,-247,False
"Fabiano Eller",3300219,68361,DATABASE_ID,0x008CB64B,CLUB_DATABASE_ID,UINT32,322,0x008CB554,-247,False
"Fabiano Eller",3300219,68361,DATABASE_ID,0x008CB64B,CLUB_DATABASE_ID,UINT16,322,0x008CB5A5,-166,False
"Fabiano Eller",3300219,68361,DATABASE_ID,0x008CB64B,CLUB_SAVE_INDEX,UINT16,51,0x008CB602,-73,False
"Fabiano Eller",3300219,68361,DATABASE_ID,0x008CB64B,CLUB_SAVE_INDEX,UINT32,51,0x008CB602,-73,False
"Fabiano Eller",3300219,68361,DATABASE_ID,0x008CB64B,CLUB_SAVE_INDEX,UINT16,51,0x008CB63A,-17,False
"Fabiano Eller",3300219,68361,DATABASE_ID,0x008CB64B,CLUB_SAVE_INDEX,UINT32,51,0x008CB63A,-17,False
"Fabiano Eller",3300219,68361,INTERNAL_PERSON_ID,0x008CB59D,CLUB_SAVE_INDEX,UINT16,51,0x008CB4E0,-189,False
"Fabiano Eller",3300219,68361,INTERNAL_PERSON_ID,0x008CB59D,CLUB_SAVE_INDEX,UINT16,51,0x008CB4E8,-181,False
"Fabiano Eller",3300219,68361,INTERNAL_PERSON_ID,0x008CB59D,CLUB_DATABASE_ID,UINT16,322,0x008CB554,-73,False
"Fabiano Eller",3300219,68361,INTERNAL_PERSON_ID,0x008CB59D,CLUB_DATABASE_ID,UINT32,322,0x008CB554,-73,False
"Fabiano Eller",3300219,68361,INTERNAL_PERSON_ID,0x008CB59D,CLUB_DATABASE_ID,UINT16,322,0x008CB5A5,8,False
"Fabiano Eller",3300219,68361,INTERNAL_PERSON_ID,0x008CB59D,CLUB_SAVE_INDEX,UINT16,51,0x008CB602,101,False
"Fabiano Eller",3300219,68361,INTERNAL_PERSON_ID,0x008CB59D,CLUB_SAVE_INDEX,UINT32,51,0x008CB602,101,False
"Fabiano Eller",3300219,68361,INTERNAL_PERSON_ID,0x008CB59D,CLUB_SAVE_INDEX,UINT16,51,0x008CB63A,157,False
"Fabiano Eller",3300219,68361,INTERNAL_PERSON_ID,0x008CB59D,CLUB_SAVE_INDEX,UINT32,51,0x008CB63A,157,False
"Júlio César Moraes",8825041,69212,DATABASE_ID,0x009308E9,CLUB_DATABASE_ID,UINT16,322,0x009307F5,-244,False
"Júlio César Moraes",8825041,69212,DATABASE_ID,0x009308E9,CLUB_DATABASE_ID,UINT32,322,0x009307F5,-244,False
"Júlio César Moraes",8825041,69212,DATABASE_ID,0x009308E9,CLUB_SAVE_INDEX,UINT16,51,0x009308A8,-65,False
"Júlio César Moraes",8825041,69212,DATABASE_ID,0x009308E9,CLUB_SAVE_INDEX,UINT32,51,0x009308A8,-65,False
"Júlio César Moraes",8825041,69212,DATABASE_ID,0x009308E9,CLUB_SAVE_INDEX,UINT16,51,0x009308D8,-17,False
"Júlio César Moraes",8825041,69212,DATABASE_ID,0x009308E9,CLUB_SAVE_INDEX,UINT32,51,0x009308D8,-17,False
"Júlio César Moraes",8825041,69212,INTERNAL_PERSON_ID,0x0093083E,CLUB_DATABASE_ID,UINT16,322,0x009307F5,-73,False
"Júlio César Moraes",8825041,69212,INTERNAL_PERSON_ID,0x0093083E,CLUB_DATABASE_ID,UINT32,322,0x009307F5,-73,False
"Júlio César Moraes",8825041,69212,INTERNAL_PERSON_ID,0x0093083E,CLUB_SAVE_INDEX,UINT16,51,0x009308A8,106,False
"Júlio César Moraes",8825041,69212,INTERNAL_PERSON_ID,0x0093083E,CLUB_SAVE_INDEX,UINT32,51,0x009308A8,106,False
"Júlio César Moraes",8825041,69212,INTERNAL_PERSON_ID,0x0093083E,CLUB_SAVE_INDEX,UINT16,51,0x009308D8,154,False
"Júlio César Moraes",8825041,69212,INTERNAL_PERSON_ID,0x0093083E,CLUB_SAVE_INDEX,UINT32,51,0x009308D8,154,False
"Júnior Baiano",6900111,68979,DATABASE_ID,0x00920E5F,CLUB_SAVE_INDEX,UINT16,51,0x00920DEE,-113,False
"Júnior Baiano",6900111,68979,DATABASE_ID,0x00920E5F,CLUB_SAVE_INDEX,UINT32,51,0x00920DEE,-113,False
"Júnior Baiano",6900111,68979,DATABASE_ID,0x00920E5F,CLUB_SAVE_INDEX,UINT16,51,0x00920F55,246,False
"Júnior Baiano",6900111,68979,DATABASE_ID,0x00920E5F,CLUB_SAVE_INDEX,UINT32,51,0x00920F55,246,False
"Júnior Baiano",6900111,68979,INTERNAL_PERSON_ID,0x00920D89,CLUB_DATABASE_ID,UINT16,322,0x00920D40,-73,False
"Júnior Baiano",6900111,68979,INTERNAL_PERSON_ID,0x00920D89,CLUB_DATABASE_ID,UINT32,322,0x00920D40,-73,False
"Júnior Baiano",6900111,68979,INTERNAL_PERSON_ID,0x00920D89,CLUB_SAVE_INDEX,UINT16,51,0x00920DEE,101,False
"Júnior Baiano",6900111,68979,INTERNAL_PERSON_ID,0x00920D89,CLUB_SAVE_INDEX,UINT32,51,0x00920DEE,101,False
"Reginaldo Araújo",3300780,50358,DATABASE_ID,0x008D7A88,CLUB_SAVE_INDEX,UINT16,51,0x008D7A37,-81,False
"Reginaldo Araújo",3300780,50358,DATABASE_ID,0x008D7A88,CLUB_SAVE_INDEX,UINT32,51,0x008D7A37,-81,False
"Reginaldo Araújo",3300780,50358,DATABASE_ID,0x008D7A88,CLUB_SAVE_INDEX,UINT16,51,0x008D7A77,-17,False
"Reginaldo Araújo",3300780,50358,DATABASE_ID,0x008D7A88,CLUB_SAVE_INDEX,UINT32,51,0x008D7A77,-17,False
"Reginaldo Araújo",3300780,50358,DATABASE_ID,0x008D7A88,CLUB_SAVE_INDEX,UINT16,51,0x008D7B3B,179,False
"Reginaldo Araújo",3300780,50358,DATABASE_ID,0x008D7A88,CLUB_SAVE_INDEX,UINT32,51,0x008D7B3B,179,False
"Reginaldo Araújo",3300780,50358,DATABASE_ID,0x008D7A88,CLUB_SAVE_INDEX,UINT16,51,0x008D7B75,237,False
"Reginaldo Araújo",3300780,50358,DATABASE_ID,0x008D7A88,CLUB_SAVE_INDEX,UINT32,51,0x008D7B75,237,False
"Reginaldo Araújo",3300780,50358,INTERNAL_PERSON_ID,0x008D79A0,CLUB_SAVE_INDEX,UINT16,51,0x008D7A37,151,False
"Reginaldo Araújo",3300780,50358,INTERNAL_PERSON_ID,0x008D79A0,CLUB_SAVE_INDEX,UINT32,51,0x008D7A37,151,False
"Reginaldo Araújo",3300780,50358,INTERNAL_PERSON_ID,0x008D79A0,CLUB_SAVE_INDEX,UINT16,51,0x008D7A77,215,False
"Reginaldo Araújo",3300780,50358,INTERNAL_PERSON_ID,0x008D79A0,CLUB_SAVE_INDEX,UINT32,51,0x008D7A77,215,False
